Seeker_ID,Location,Desired_Job_Type,Min_Desired_Salary,Max_Commute_Distance,Skills,Experience_Level,Questionnaire
S0001,B,Contract,134000,31,"['C++', 'Problem Solving', 'Leadership', 'Communication', 'Network Administration', 'Teamwork', 'NoSQL', 'Project Management']",Lead,"[4, 3, 3, 0, 4, 3, 2, 1, 5, 0, 0, 3, 5, 3, 5, 1, 2, 3, 4, 3]"
S0002,E,Full-time,51000,38,"['Network Administration', 'Project Management', 'Technical Writing', 'SQL', 'Agile Methodologies', 'Sales Experience', 'Data Analysis', 'Python', 'Problem Solving']",Entry-level,"[1, 2, 2, 2, 3, 4, 5, 0, 4, 4, 3, 2, 4, 4, 4, 4, 1, 1, 2, 0]"
S0003,D,Part-time,129000,63,"['Marketing Strategy', 'Leadership', 'DevOps', 'Java', 'Agile Methodologies', 'Cybersecurity', 'System Design', 'C++', 'Problem Solving', 'Machine Learning']",Lead,"[4, 4, 0, 2, 2, 2, 0, 3, 3, 0, 4, 2, 3, 0, 2, 4, 5, 5, 5, 3]"
S0004,B,Contract,120000,76,"['Data Analysis', 'SQL', 'Cloud (AWS/Azure/GCP)', 'Java', 'Technical Writing', 'Agile Methodologies']",Senior,"[4, 4, 4, 1, 4, 3, 0, 2, 1, 2, 3, 5, 3, 0, 3, 0, 3, 2, 5, 5]"
S0005,B,Full-time,81000,77,"['DevOps', 'System Design', 'NoSQL', 'C++', 'Cybersecurity', 'Teamwork', 'Project Management', 'Sales Experience']",Mid-level,"[2, 5, 0, 5, 2, 1, 1, 3, 4, 4, 3, 5, 5, 1, 4, 5, 0, 1, 5, 1]"
S0006,C,Contract,152000,26,"['Problem Solving', 'Customer Support', 'Sales Experience', 'Technical Writing', 'CI/CD', 'DevOps']",Manager,"[3, 3, 5, 5, 2, 3, 1, 3, 2, 2, 5, 4, 3, 1, 3, 1, 1, 1, 4, 2]"
S0007,E,Part-time,76000,40,"['Machine Learning', 'Network Administration', 'Agile Methodologies', 'SQL', 'Cybersecurity', 'Customer Support']",Mid-level,"[0, 1, 4, 4, 4, 3, 0, 4, 4, 3, 0, 3, 5, 3, 4, 5, 1, 4, 2, 5]"
S0008,E,Full-time,76000,28,"['NoSQL', 'Cybersecurity', 'Project Management', 'Network Administration', 'C++']",Mid-level,"[4, 3, 0, 4, 2, 0, 0, 3, 4, 3, 1, 4, 5, 5, 5, 0, 2, 3, 5, 2]"
S0009,C,Contract,130000,43,"['C++', 'Customer Support', 'Project Management', 'Cybersecurity', 'Cloud (AWS/Azure/GCP)', 'Leadership', 'JavaScript']",Lead,"[0, 2, 3, 5, 4, 0, 0, 2, 2, 3, 4, 1, 1, 1, 0, 1, 3, 0, 0, 4]"
S0010,F,Internship,126000,72,"['UI/UX Design', 'Machine Learning', 'Agile Methodologies']",Senior,"[5, 1, 4, 4, 0, 1, 0, 2, 4, 4, 4, 0, 1, 3, 2, 2, 3, 5, 3, 1]"
S0011,B,Part-time,51000,67,"['JavaScript', 'NoSQL', 'DevOps', 'C++', 'Project Management', 'Marketing Strategy']",Entry-level,"[1, 0, 5, 2, 3, 4, 4, 0, 2, 0, 1, 5, 1, 5, 3, 0, 5, 4, 3, 1]"
S0012,C,Part-time,161000,12,"['Marketing Strategy', 'Python', 'JavaScript']",Lead,"[2, 3, 1, 4, 0, 0, 2, 1, 1, 0, 1, 0, 0, 1, 3, 3, 0, 4, 5, 1]"
S0013,D,Internship,106000,10,"['Sales Experience', 'UI/UX Design', 'Problem Solving']",Senior,"[0, 4, 1, 3, 0, 0, 1, 4, 4, 4, 1, 1, 0, 1, 5, 2, 5, 5, 0, 2]"
S0014,B,Full-time,113000,40,"['Machine Learning', 'Cloud (AWS/Azure/GCP)', 'Problem Solving', 'Java', 'Python', 'Technical Writing', 'Sales Experience', 'System Design', 'Network Administration', 'Project Management']",Senior,"[4, 3, 0, 2, 3, 0, 4, 4, 4, 3, 2, 4, 4, 5, 4, 1, 2, 3, 2, 1]"
S0015,F,Contract,58000,21,"['UI/UX Design', 'Machine Learning', 'NoSQL', 'Data Analysis', 'Leadership', 'C++', 'Technical Writing']",Entry-level,"[4, 0, 5, 1, 4, 3, 0, 3, 1, 3, 5, 5, 2, 1, 5, 3, 5, 5, 1, 0]"
S0016,E,Full-time,155000,58,"['Technical Writing', 'Sales Experience', 'DevOps', 'NoSQL', 'Java', 'Customer Support', 'Marketing Strategy', 'CI/CD', 'System Design', 'UI/UX Design']",Lead,"[5, 5, 5, 0, 4, 3, 2, 5, 3, 0, 1, 2, 4, 5, 4, 4, 2, 0, 4, 0]"
S0017,F,Internship,113000,47,"['Cybersecurity', 'CI/CD', 'Machine Learning', 'Java', 'SQL', 'Project Management', 'Cloud (AWS/Azure/GCP)', 'Customer Support']",Senior,"[5, 5, 4, 4, 5, 3, 2, 3, 2, 1, 1, 2, 3, 1, 3, 0, 0, 4, 5, 5]"
S0018,E,Full-time,146000,16,"['UI/UX Design', 'Teamwork', 'Network Administration', 'Customer Support', 'System Design', 'Leadership', 'DevOps', 'SQL', 'Communication', 'Project Management']",Lead,"[4, 5, 0, 3, 0, 0, 0, 3, 0, 5, 3, 5, 0, 0, 1, 2, 5, 3, 1, 0]"
S0019,B,Contract,108000,18,"['Project Management', 'Network Administration', 'C++', 'Customer Support', 'Agile Methodologies', 'Leadership', 'Java', 'UI/UX Design', 'Cybersecurity']",Senior,"[0, 3, 3, 0, 1, 1, 1, 2, 4, 3, 1, 2, 4, 5, 1, 1, 1, 1, 5, 5]"
S0020,D,Part-time,83000,17,"['JavaScript', 'Project Management', 'Machine Learning', 'Leadership', 'Sales Experience', 'Communication', 'System Design', 'Java']",Mid-level,"[0, 2, 1, 2, 3, 3, 1, 2, 0, 0, 4, 1, 2, 2, 0, 3, 0, 5, 2, 4]"
S0021,D,Internship,78000,52,"['C++', 'Agile Methodologies', 'Sales Experience', 'Marketing Strategy', 'System Design']",Senior,"[2, 0, 1, 5, 0, 5, 2, 3, 0, 0, 2, 4, 2, 0, 4, 5, 1, 0, 1, 1]"
S0022,C,Full-time,42000,66,"['NoSQL', 'Teamwork', 'Python', 'DevOps', 'Sales Experience', 'Project Management']",Entry-level,"[4, 5, 4, 1, 5, 0, 4, 2, 5, 4, 1, 4, 1, 0, 4, 4, 3, 2, 4, 2]"
S0023,E,Contract,121000,41,"['Data Analysis', 'Cloud (AWS/Azure/GCP)', 'Network Administration', 'JavaScript', 'Python', 'Communication', 'Cybersecurity', 'C++']",Senior,"[5, 3, 0, 3, 5, 0, 1, 4, 3, 4, 5, 0, 1, 1, 2, 5, 3, 3, 3, 4]"
S0024,A,Part-time,98000,57,"['Leadership', 'Machine Learning', 'Network Administration']",Senior,"[1, 4, 2, 0, 1, 4, 0, 0, 0, 1, 3, 4, 1, 2, 5, 3, 1, 0, 1, 1]"
S0025,D,Internship,158000,36,"['C++', 'Marketing Strategy', 'Machine Learning', 'Network Administration', 'Project Management', 'DevOps', 'Communication', 'CI/CD', 'Sales Experience']",Manager,"[4, 5, 5, 3, 5, 1, 1, 5, 4, 5, 4, 2, 3, 2, 0, 1, 3, 5, 5, 4]"
S0026,E,Full-time,143000,61,"['Agile Methodologies', 'Project Management', 'Communication', 'UI/UX Design', 'Marketing Strategy']",Manager,"[3, 2, 5, 5, 5, 2, 3, 1, 3, 3, 0, 1, 0, 0, 1, 5, 0, 1, 5, 4]"
S0027,F,Internship,171000,80,"['Technical Writing', 'Customer Support', 'Leadership', 'CI/CD', 'Sales Experience', 'SQL', 'System Design', 'UI/UX Design', 'Machine Learning']",Manager,"[5, 2, 0, 4, 4, 2, 1, 3, 4, 2, 3, 5, 0, 1, 5, 1, 1, 2, 3, 0]"
S0028,E,Part-time,38000,70,"['Teamwork', 'UI/UX Design', 'Python', 'Marketing Strategy', 'Leadership', 'Machine Learning', 'C++', 'Agile Methodologies', 'DevOps', 'JavaScript']",Entry-level,"[2, 0, 5, 5, 3, 4, 2, 0, 2, 5, 5, 0, 4, 4, 3, 3, 3, 5, 3, 0]"
S0029,D,Part-time,156000,48,"['Marketing Strategy', 'JavaScript', 'Java', 'Machine Learning']",Manager,"[5, 4, 4, 4, 4, 1, 4, 3, 2, 1, 3, 4, 0, 3, 3, 0, 4, 3, 4, 4]"
S0030,D,Contract,71000,50,"['Sales Experience', 'UI/UX Design', 'NoSQL', 'CI/CD', 'Python']",Mid-level,"[3, 2, 5, 3, 2, 3, 3, 2, 2, 1, 4, 5, 4, 3, 0, 0, 4, 0, 4, 1]"
S0031,D,Part-time,128000,78,"['Network Administration', 'JavaScript', 'UI/UX Design', 'Cybersecurity', 'Marketing Strategy']",Manager,"[2, 1, 3, 4, 4, 3, 3, 2, 3, 1, 2, 2, 0, 4, 2, 2, 3, 3, 1, 4]"
S0032,F,Full-time,131000,46,"['Sales Experience', 'Network Administration', 'Marketing Strategy', 'Python', 'Technical Writing', 'NoSQL', 'UI/UX Design', 'DevOps', 'JavaScript']",Manager,"[0, 0, 3, 4, 0, 3, 4, 0, 2, 1, 2, 3, 1, 5, 0, 2, 2, 5, 5, 3]"
S0033,F,Internship,44000,47,"['Cybersecurity', 'CI/CD', 'Data Analysis', 'C++', 'Marketing Strategy', 'Problem Solving']",Entry-level,"[3, 3, 3, 3, 4, 0, 1, 3, 0, 0, 2, 0, 2, 5, 1, 2, 5, 4, 4, 5]"
S0034,D,Full-time,59000,42,"['Problem Solving', 'SQL', 'Communication', 'Project Management', 'C++', 'Customer Support', 'Cybersecurity', 'Data Analysis', 'Sales Experience', 'Marketing Strategy']",Mid-level,"[5, 2, 3, 1, 4, 4, 0, 1, 5, 0, 3, 5, 0, 5, 1, 0, 5, 1, 3, 5]"
S0035,B,Internship,128000,11,"['CI/CD', 'Agile Methodologies', 'NoSQL']",Lead,"[5, 5, 3, 3, 3, 1, 3, 0, 2, 3, 1, 4, 3, 3, 0, 4, 5, 4, 2, 3]"
S0036,E,Internship,149000,65,"['Network Administration', 'Project Management', 'Marketing Strategy', 'Technical Writing', 'Agile Methodologies', 'Python', 'C++']",Lead,"[5, 5, 1, 3, 5, 5, 5, 2, 3, 2, 0, 1, 4, 3, 0, 0, 3, 5, 1, 4]"
S0037,D,Contract,112000,43,"['JavaScript', 'Cloud (AWS/Azure/GCP)', 'System Design', 'DevOps', 'Project Management', 'CI/CD', 'Technical Writing']",Lead,"[1, 1, 1, 4, 5, 2, 0, 0, 0, 5, 1, 0, 3, 2, 3, 2, 5, 5, 5, 3]"
S0038,D,Internship,63000,49,"['Java', 'Communication', 'Sales Experience', 'NoSQL', 'SQL']",Mid-level,"[4, 3, 4, 1, 0, 3, 0, 3, 4, 3, 4, 4, 4, 4, 2, 5, 3, 2, 5, 0]"
S0039,D,Full-time,89000,77,"['Data Analysis', 'NoSQL', 'Network Administration', 'JavaScript', 'Problem Solving', 'System Design', 'Cloud (AWS/Azure/GCP)', 'Java', 'Teamwork', 'CI/CD']",Mid-level,"[1, 1, 3, 4, 3, 4, 5, 5, 5, 4, 3, 3, 5, 4, 4, 0, 0, 2, 1, 0]"
S0040,E,Part-time,38000,77,"['System Design', 'Leadership', 'Cloud (AWS/Azure/GCP)', 'Machine Learning', 'Python', 'NoSQL', 'Data Analysis', 'Customer Support', 'C++', 'Problem Solving']",Entry-level,"[5, 3, 3, 1, 4, 2, 2, 4, 0, 1, 5, 3, 4, 4, 3, 3, 4, 2, 3, 0]"
S0041,D,Part-time,61000,59,"['Problem Solving', 'Project Management', 'NoSQL', 'Marketing Strategy', 'Agile Methodologies', 'Communication', 'CI/CD', 'C++', 'Teamwork', 'Data Analysis']",Entry-level,"[5, 4, 4, 3, 2, 5, 2, 3, 3, 2, 2, 3, 3, 4, 1, 1, 2, 5, 3, 2]"
S0042,D,Full-time,70000,68,"['Agile Methodologies', 'UI/UX Design', 'Data Analysis', 'Customer Support']",Mid-level,"[1, 0, 2, 1, 2, 2, 0, 5, 0, 4, 0, 0, 0, 2, 1, 1, 2, 2, 5, 4]"
S0043,B,Full-time,61000,55,"['UI/UX Design', 'System Design', 'Customer Support', 'Data Analysis', 'Network Administration', 'Python', 'NoSQL', 'Cybersecurity', 'Java', 'Leadership']",Entry-level,"[0, 3, 0, 0, 2, 1, 4, 5, 2, 2, 2, 2, 5, 4, 0, 1, 1, 0, 3, 1]"
S0044,B,Full-time,80000,54,"['System Design', 'Network Administration', 'NoSQL', 'JavaScript', 'C++', 'Problem Solving', 'Machine Learning']",Senior,"[4, 3, 5, 4, 1, 1, 1, 5, 3, 0, 2, 1, 2, 0, 0, 4, 3, 2, 2, 4]"
S0045,A,Part-time,58000,67,"['DevOps', 'Leadership', 'Technical Writing']",Entry-level,"[0, 1, 3, 0, 3, 4, 4, 2, 4, 4, 3, 5, 5, 5, 3, 1, 0, 5, 1, 3]"
S0046,F,Internship,90000,30,"['Python', 'Problem Solving', 'Cloud (AWS/Azure/GCP)', 'Machine Learning', 'Data Analysis', 'DevOps', 'Customer Support', 'NoSQL', 'Leadership']",Mid-level,"[3, 3, 0, 3, 2, 2, 3, 3, 3, 5, 4, 2, 2, 3, 4, 1, 5, 5, 4, 0]"
S0047,F,Full-time,86000,41,"['Cloud (AWS/Azure/GCP)', 'Data Analysis', 'Project Management', 'DevOps', 'Customer Support', 'Java', 'JavaScript', 'Teamwork']",Mid-level,"[2, 2, 2, 2, 4, 5, 3, 2, 4, 4, 4, 0, 2, 3, 0, 3, 2, 0, 2, 2]"
S0048,E,Full-time,153000,65,"['JavaScript', 'Network Administration', 'Problem Solving']",Manager,"[1, 5, 4, 0, 5, 4, 5, 5, 4, 0, 2, 2, 5, 2, 1, 4, 4, 4, 2, 2]"
S0049,D,Part-time,51000,12,"['Technical Writing', 'NoSQL', 'Customer Support', 'Python', 'SQL']",Entry-level,"[1, 4, 3, 3, 4, 3, 4, 4, 0, 1, 3, 5, 1, 1, 1, 1, 5, 3, 1, 5]"
S0050,A,Internship,122000,21,"['SQL', 'Java', 'Agile Methodologies', 'Leadership']",Senior,"[0, 1, 3, 5, 1, 1, 2, 1, 4, 1, 0, 3, 1, 1, 0, 5, 3, 3, 0, 1]"
S0051,C,Full-time,69000,22,"['NoSQL', 'Leadership', 'System Design', 'Cloud (AWS/Azure/GCP)', 'Network Administration', 'Sales Experience', 'UI/UX Design', 'Customer Support', 'Technical Writing']",Mid-level,"[4, 5, 5, 0, 3, 4, 2, 3, 1, 1, 0, 0, 3, 0, 0, 0, 4, 1, 4, 5]"
S0052,E,Contract,44000,13,"['Network Administration', 'System Design', 'Cybersecurity']",Entry-level,"[1, 0, 0, 1, 1, 0, 0, 3, 3, 4, 5, 5, 0, 0, 1, 1, 3, 5, 4, 0]"
S0053,A,Internship,56000,62,"['Machine Learning', 'Project Management', 'Network Administration', 'Agile Methodologies', 'Technical Writing', 'Teamwork', 'Problem Solving']",Entry-level,"[0, 5, 3, 3, 1, 2, 3, 0, 5, 0, 0, 0, 0, 4, 0, 5, 3, 2, 0, 3]"
S0054,E,Internship,138000,17,"['Cloud (AWS/Azure/GCP)', 'SQL', 'Communication', 'CI/CD', 'Java', 'NoSQL', 'Customer Support', 'Teamwork']",Manager,"[2, 3, 0, 4, 1, 3, 3, 2, 3, 3, 4, 1, 3, 0, 2, 1, 1, 1, 5, 3]"
S0055,A,Part-time,78000,53,"['Problem Solving', 'Teamwork', 'SQL', 'Leadership', 'Customer Support']",Mid-level,"[4, 3, 5, 4, 1, 2, 0, 4, 0, 3, 1, 0, 2, 0, 3, 5, 0, 4, 5, 0]"
S0056,D,Part-time,125000,78,"['Communication', 'Leadership', 'Python', 'Problem Solving']",Lead,"[5, 0, 2, 0, 1, 2, 1, 0, 5, 2, 4, 5, 3, 5, 5, 3, 3, 4, 3, 1]"
S0057,A,Internship,61000,38,"['Project Management', 'UI/UX Design', 'Communication', 'Teamwork']",Mid-level,"[2, 3, 1, 4, 0, 5, 0, 2, 1, 1, 0, 2, 0, 2, 4, 3, 5, 0, 5, 0]"
S0058,B,Part-time,130000,42,"['Data Analysis', 'Teamwork', 'Problem Solving']",Manager,"[3, 4, 2, 3, 5, 4, 5, 5, 1, 3, 4, 5, 3, 0, 3, 0, 5, 2, 2, 5]"
S0059,C,Contract,68000,61,"['NoSQL', 'Communication', 'Marketing Strategy', 'DevOps', 'Problem Solving', 'Sales Experience']",Mid-level,"[5, 1, 1, 2, 5, 1, 3, 1, 3, 3, 2, 5, 4, 0, 4, 5, 4, 5, 1, 2]"
S0060,C,Contract,56000,10,"['System Design', 'Communication', 'Marketing Strategy', 'Network Administration', 'Sales Experience', 'Java', 'Teamwork', 'Cybersecurity']",Mid-level,"[0, 5, 4, 0, 3, 0, 4, 3, 5, 0, 4, 0, 4, 0, 5, 0, 3, 1, 5, 1]"
S0061,E,Internship,132000,59,"['Project Management', 'Communication', 'Technical Writing', 'Cybersecurity', 'CI/CD', 'Python', 'SQL', 'JavaScript', 'System Design']",Lead,"[1, 3, 3, 4, 5, 5, 3, 2, 0, 1, 5, 1, 3, 2, 0, 5, 5, 3, 2, 1]"
S0062,A,Full-time,94000,48,"['Java', 'Customer Support', 'Problem Solving', 'Python', 'SQL', 'Sales Experience', 'Marketing Strategy']",Mid-level,"[0, 0, 0, 4, 2, 2, 1, 0, 0, 1, 2, 5, 4, 0, 3, 4, 5, 0, 5, 4]"
S0063,D,Part-time,59000,35,"['Data Analysis', 'UI/UX Design', 'CI/CD', 'DevOps', 'Python', 'Leadership', 'Network Administration', 'Teamwork']",Entry-level,"[2, 0, 0, 0, 2, 2, 5, 4, 2, 3, 4, 0, 2, 4, 5, 2, 1, 1, 5, 4]"
S0064,F,Contract,107000,67,"['Machine Learning', 'CI/CD', 'NoSQL', 'Agile Methodologies']",Senior,"[3, 4, 1, 4, 4, 0, 3, 3, 3, 5, 3, 0, 2, 0, 4, 2, 3, 2, 0, 3]"
S0065,B,Full-time,77000,23,"['Communication', 'Teamwork', 'Problem Solving', 'Technical Writing', 'Java', 'JavaScript', 'Cybersecurity', 'Data Analysis', 'NoSQL', 'Sales Experience']",Mid-level,"[0, 5, 3, 1, 1, 1, 4, 4, 0, 4, 4, 0, 2, 1, 1, 2, 2, 4, 5, 0]"
S0066,F,Part-time,36000,22,"['Data Analysis', 'JavaScript', 'Java', 'Marketing Strategy', 'Problem Solving', 'Cybersecurity', 'Customer Support', 'Machine Learning']",Entry-level,"[5, 4, 0, 1, 1, 4, 5, 0, 3, 3, 1, 2, 1, 4, 1, 0, 2, 0, 3, 0]"
S0067,E,Full-time,75000,37,"['DevOps', 'System Design', 'Communication', 'UI/UX Design', 'Customer Support', 'Cloud (AWS/Azure/GCP)', 'Machine Learning']",Mid-level,"[4, 5, 0, 0, 5, 0, 4, 1, 4, 5, 1, 4, 4, 1, 1, 5, 4, 1, 4, 5]"
S0068,C,Contract,131000,54,"['Cloud (AWS/Azure/GCP)', 'Agile Methodologies', 'Project Management', 'Cybersecurity', 'Machine Learning', 'Technical Writing', 'Marketing Strategy', 'C++', 'Java']",Manager,"[5, 4, 5, 2, 2, 4, 1, 4, 3, 3, 4, 3, 1, 1, 0, 1, 2, 5, 1, 4]"
S0069,C,Part-time,58000,68,"['Python', 'SQL', 'JavaScript', 'Communication', 'Agile Methodologies', 'DevOps', 'Java']",Entry-level,"[4, 1, 2, 5, 5, 3, 2, 5, 0, 2, 3, 5, 5, 1, 4, 4, 3, 3, 5, 0]"
S0070,D,Full-time,84000,34,"['Technical Writing', 'SQL', 'Marketing Strategy', 'UI/UX Design']",Mid-level,"[0, 5, 0, 0, 5, 1, 3, 3, 1, 5, 5, 0, 3, 2, 4, 4, 4, 3, 0, 3]"
S0071,A,Contract,42000,79,"['Problem Solving', 'Python', 'UI/UX Design', 'NoSQL', 'Cloud (AWS/Azure/GCP)', 'Technical Writing', 'Sales Experience']",Entry-level,"[3, 5, 2, 3, 1, 4, 3, 0, 2, 2, 3, 4, 0, 0, 0, 4, 2, 0, 1, 2]"
S0072,F,Full-time,51000,61,"['Sales Experience', 'Network Administration', 'Communication']",Entry-level,"[4, 5, 5, 0, 1, 2, 4, 5, 4, 2, 4, 4, 5, 0, 4, 1, 1, 5, 4, 0]"
S0073,D,Contract,47000,66,"['Leadership', 'Technical Writing', 'SQL', 'Teamwork', 'CI/CD']",Entry-level,"[3, 4, 0, 4, 4, 2, 3, 1, 5, 1, 3, 0, 0, 5, 1, 3, 5, 0, 3, 2]"
S0074,E,Contract,172000,78,"['Python', 'Sales Experience', 'Marketing Strategy', 'Project Management', 'Teamwork', 'Problem Solving', 'Agile Methodologies', 'Customer Support', 'Communication', 'Cloud (AWS/Azure/GCP)']",Manager,"[4, 0, 0, 4, 0, 1, 0, 5, 3, 1, 1, 1, 1, 2, 0, 0, 3, 1, 5, 0]"
S0075,C,Full-time,161000,45,"['Technical Writing', 'JavaScript', 'Leadership', 'Network Administration', 'Machine Learning']",Manager,"[1, 2, 1, 3, 0, 4, 4, 5, 1, 5, 4, 1, 1, 1, 2, 1, 2, 1, 2, 1]"
S0076,F,Part-time,121000,13,"['Machine Learning', 'Leadership', 'Agile Methodologies', 'Technical Writing', 'CI/CD']",Lead,"[3, 4, 2, 3, 2, 4, 4, 2, 5, 1, 2, 2, 4, 5, 0, 0, 4, 5, 4, 0]"
S0077,C,Full-time,62000,12,"['Project Management', 'Cybersecurity', 'Machine Learning', 'DevOps', 'Technical Writing', 'Python', 'Marketing Strategy', 'Agile Methodologies']",Mid-level,"[1, 2, 2, 1, 1, 5, 2, 3, 1, 2, 5, 2, 4, 4, 4, 2, 2, 2, 2, 4]"
S0078,D,Full-time,116000,64,"['NoSQL', 'Marketing Strategy', 'DevOps', 'SQL', 'Data Analysis', 'Java']",Lead,"[1, 4, 1, 3, 3, 4, 1, 5, 2, 0, 3, 4, 2, 4, 5, 4, 1, 3, 1, 2]"
S0079,B,Part-time,177000,24,"['Network Administration', 'NoSQL', 'C++', 'Problem Solving', 'Data Analysis', 'Communication', 'SQL', 'System Design', 'Customer Support', 'Java']",Manager,"[4, 1, 1, 0, 5, 3, 5, 4, 3, 3, 0, 0, 3, 1, 0, 1, 5, 2, 4, 2]"
S0080,A,Full-time,56000,49,"['Sales Experience', 'Technical Writing', 'Marketing Strategy', 'Cybersecurity']",Entry-level,"[1, 4, 0, 4, 2, 2, 2, 0, 1, 1, 3, 5, 1, 3, 2, 1, 4, 4, 2, 3]"
S0081,F,Contract,154000,76,"['Communication', 'SQL', 'Project Management']",Lead,"[3, 3, 4, 1, 3, 0, 5, 3, 3, 1, 4, 0, 0, 5, 0, 4, 0, 2, 2, 1]"
S0082,F,Internship,162000,64,"['Problem Solving', 'JavaScript', 'Machine Learning', 'Technical Writing', 'SQL']",Manager,"[4, 5, 1, 5, 5, 5, 0, 4, 2, 4, 0, 2, 0, 5, 0, 1, 1, 0, 4, 0]"
S0083,D,Part-time,78000,44,"['Network Administration', 'Java', 'C++']",Mid-level,"[4, 4, 5, 1, 1, 3, 3, 4, 5, 5, 1, 4, 5, 4, 1, 4, 2, 2, 1, 0]"
S0084,A,Full-time,55000,60,"['Customer Support', 'Agile Methodologies', 'Project Management', 'Cybersecurity', 'Cloud (AWS/Azure/GCP)', 'System Design', 'Data Analysis']",Entry-level,"[2, 2, 5, 1, 4, 0, 4, 4, 3, 1, 3, 3, 5, 3, 2, 4, 0, 4, 4, 4]"
S0085,C,Part-time,144000,76,"['Data Analysis', 'Cybersecurity', 'Communication', 'Customer Support', 'Leadership', 'C++', 'DevOps', 'System Design', 'Agile Methodologies']",Lead,"[0, 1, 0, 1, 2, 0, 1, 4, 5, 1, 1, 0, 5, 2, 3, 5, 2, 3, 2, 4]"
S0086,E,Contract,57000,68,"['Cloud (AWS/Azure/GCP)', 'CI/CD', 'Teamwork', 'Python', 'Data Analysis', 'UI/UX Design', 'Project Management', 'Marketing Strategy', 'DevOps']",Entry-level,"[3, 4, 4, 3, 3, 3, 0, 0, 2, 3, 1, 0, 3, 0, 0, 2, 5, 5, 2, 4]"
S0087,A,Full-time,125000,40,"['Machine Learning', 'CI/CD', 'DevOps', 'Java']",Lead,"[2, 0, 4, 4, 4, 4, 0, 4, 2, 2, 4, 4, 0, 3, 3, 0, 1, 4, 2, 1]"
S0088,B,Internship,137000,58,"['Leadership', 'Customer Support', 'UI/UX Design', 'Machine Learning']",Manager,"[2, 5, 1, 1, 3, 0, 5, 2, 1, 3, 3, 2, 5, 3, 1, 4, 5, 1, 5, 1]"
S0089,B,Full-time,117000,20,"['Network Administration', 'Data Analysis', 'Customer Support', 'SQL', 'Problem Solving']",Lead,"[2, 1, 0, 2, 1, 5, 4, 4, 3, 4, 3, 4, 1, 1, 4, 3, 1, 5, 0, 5]"
S0090,B,Full-time,93000,35,"['Sales Experience', 'Java', 'Teamwork', 'Cybersecurity', 'Communication', 'Machine Learning']",Senior,"[5, 1, 4, 3, 4, 2, 0, 1, 3, 2, 1, 0, 0, 5, 1, 4, 5, 3, 0, 2]"
S0091,A,Part-time,171000,10,"['SQL', 'Python', 'Agile Methodologies']",Manager,"[0, 2, 5, 3, 2, 1, 5, 3, 1, 2, 4, 0, 4, 0, 2, 1, 4, 2, 4, 0]"
S0092,D,Contract,123000,78,"['System Design', 'C++', 'Network Administration', 'Python', 'Sales Experience']",Lead,"[2, 3, 0, 3, 4, 0, 3, 4, 1, 3, 4, 0, 2, 2, 4, 4, 5, 3, 1, 2]"
S0093,A,Internship,107000,75,"['Technical Writing', 'Machine Learning', 'Leadership', 'Cybersecurity', 'Project Management']",Senior,"[4, 2, 3, 2, 4, 1, 1, 4, 5, 4, 3, 3, 2, 4, 5, 4, 3, 3, 3, 0]"
S0094,A,Part-time,117000,57,"['DevOps', 'NoSQL', 'Cybersecurity']",Senior,"[5, 2, 4, 0, 3, 4, 4, 3, 5, 2, 3, 0, 5, 2, 4, 2, 2, 2, 1, 4]"
S0095,D,Internship,79000,26,"['JavaScript', 'Marketing Strategy', 'NoSQL', 'Java', 'Leadership', 'Technical Writing']",Mid-level,"[3, 0, 0, 2, 2, 0, 5, 3, 2, 2, 5, 2, 3, 1, 4, 4, 4, 5, 4, 2]"
S0096,D,Part-time,120000,47,"['SQL', 'NoSQL', 'Python', 'Communication', 'Data Analysis']",Senior,"[2, 0, 5, 5, 2, 0, 3, 5, 1, 2, 2, 5, 0, 1, 4, 4, 4, 3, 0, 3]"
S0097,C,Internship,123000,63,"['C++', 'Leadership', 'Problem Solving', 'Python']",Lead,"[5, 2, 4, 0, 0, 2, 3, 5, 3, 2, 4, 1, 2, 1, 3, 4, 4, 5, 2, 0]"
S0098,B,Internship,109000,62,"['Leadership', 'Project Management', 'Network Administration']",Senior,"[1, 1, 5, 0, 5, 5, 0, 0, 4, 2, 1, 0, 0, 0, 5, 1, 2, 4, 1, 3]"
S0099,E,Full-time,122000,75,"['Machine Learning', 'Technical Writing', 'System Design', 'CI/CD', 'Customer Support']",Lead,"[3, 2, 1, 2, 0, 2, 5, 0, 2, 3, 5, 1, 1, 2, 4, 2, 4, 2, 5, 3]"
S0100,E,Internship,162000,30,"['Technical Writing', 'JavaScript', 'Machine Learning', 'Python', 'Network Administration', 'UI/UX Design', 'Cloud (AWS/Azure/GCP)']",Manager,"[5, 2, 5, 1, 4, 4, 0, 0, 3, 4, 5, 0, 1, 1, 3, 2, 3, 1, 3, 2]"
S0101,E,Contract,79000,63,"['Technical Writing', 'Data Analysis', 'Cloud (AWS/Azure/GCP)', 'Customer Support', 'NoSQL']",Mid-level,"[4, 0, 1, 0, 3, 3, 0, 1, 3, 1, 1, 1, 0, 2, 4, 5, 5, 5, 3, 5]"
S0102,F,Full-time,115000,23,"['Technical Writing', 'NoSQL', 'Marketing Strategy']",Senior,"[3, 0, 0, 0, 2, 4, 5, 5, 0, 4, 4, 5, 1, 0, 0, 1, 5, 3, 0, 3]"
S0103,C,Full-time,135000,10,"['C++', 'UI/UX Design', 'Network Administration', 'Agile Methodologies', 'JavaScript', 'Customer Support', 'Java', 'Python', 'Teamwork']",Lead,"[2, 0, 0, 0, 1, 4, 0, 5, 0, 1, 2, 0, 0, 5, 4, 1, 5, 3, 3, 5]"
S0104,E,Internship,141000,34,"['SQL', 'Marketing Strategy', 'Cloud (AWS/Azure/GCP)', 'Machine Learning', 'Network Administration', 'Python', 'Teamwork', 'Leadership', 'Project Management']",Lead,"[2, 0, 1, 3, 2, 1, 0, 3, 4, 4, 2, 4, 4, 5, 3, 3, 0, 2, 4, 2]"
S0105,D,Full-time,91000,80,"['NoSQL', 'UI/UX Design', 'Java', 'Cybersecurity']",Mid-level,"[0, 0, 4, 4, 3, 0, 1, 5, 3, 0, 5, 1, 1, 4, 5, 3, 4, 3, 1, 2]"
S0106,D,Full-time,139000,45,"['Data Analysis', 'Network Administration', 'Customer Support', 'Marketing Strategy']",Lead,"[5, 0, 0, 4, 5, 0, 0, 1, 2, 0, 2, 2, 4, 5, 0, 1, 0, 1, 5, 1]"
S0107,C,Contract,80000,48,"['Machine Learning', 'DevOps', 'Cybersecurity', 'Leadership', 'Technical Writing', 'Data Analysis', 'Python', 'NoSQL', 'Network Administration']",Mid-level,"[5, 1, 2, 0, 5, 5, 1, 0, 2, 5, 4, 2, 2, 1, 3, 0, 2, 2, 4, 1]"
S0108,F,Part-time,144000,66,"['Java', 'Agile Methodologies', 'NoSQL']",Manager,"[4, 3, 2, 0, 5, 1, 2, 5, 3, 3, 4, 5, 0, 3, 2, 5, 4, 2, 3, 4]"
S0109,A,Part-time,54000,66,"['CI/CD', 'Agile Methodologies', 'Project Management', 'Sales Experience', 'Network Administration', 'Cloud (AWS/Azure/GCP)', 'Cybersecurity', 'Problem Solving', 'NoSQL']",Entry-level,"[1, 0, 1, 0, 1, 2, 5, 1, 5, 0, 1, 3, 2, 5, 2, 2, 5, 0, 0, 1]"
S0110,B,Contract,143000,25,"['System Design', 'Python', 'Marketing Strategy', 'Customer Support']",Lead,"[0, 0, 3, 5, 3, 3, 0, 0, 1, 5, 0, 4, 3, 5, 3, 1, 3, 5, 4, 2]"
S0111,B,Part-time,133000,69,"['DevOps', 'Cybersecurity', 'UI/UX Design', 'Problem Solving', 'Java', 'Cloud (AWS/Azure/GCP)', 'Teamwork', 'Network Administration']",Lead,"[5, 2, 5, 3, 2, 0, 4, 2, 5, 2, 3, 3, 0, 0, 3, 1, 3, 3, 2, 5]"
S0112,E,Contract,58000,10,"['Sales Experience', 'Teamwork', 'Machine Learning', 'Data Analysis', 'Customer Support']",Entry-level,"[3, 1, 1, 3, 0, 1, 0, 4, 5, 4, 1, 3, 5, 2, 4, 5, 5, 4, 3, 1]"
S0113,D,Internship,115000,33,"['Technical Writing', 'C++', 'CI/CD', 'System Design', 'JavaScript', 'Leadership', 'UI/UX Design', 'Problem Solving', 'Python']",Senior,"[0, 2, 0, 3, 1, 1, 5, 3, 4, 4, 1, 1, 0, 3, 1, 1, 1, 5, 2, 2]"
S0114,F,Internship,85000,70,"['Machine Learning', 'Leadership', 'JavaScript', 'Network Administration', 'Teamwork', 'Python']",Senior,"[0, 4, 4, 4, 3, 5, 0, 3, 2, 4, 3, 4, 2, 5, 1, 1, 2, 4, 1, 1]"
S0115,F,Contract,51000,66,"['UI/UX Design', 'Technical Writing', 'Sales Experience', 'Cybersecurity', 'Agile Methodologies', 'Machine Learning']",Entry-level,"[2, 0, 3, 1, 3, 0, 3, 2, 4, 1, 2, 4, 2, 0, 1, 3, 2, 2, 0, 3]"
S0116,E,Full-time,85000,30,"['Leadership', 'Customer Support', 'CI/CD', 'Marketing Strategy', 'Python', 'UI/UX Design', 'Agile Methodologies']",Mid-level,"[4, 2, 3, 2, 4, 1, 4, 4, 5, 1, 0, 3, 4, 5, 3, 0, 4, 4, 3, 3]"
S0117,A,Internship,70000,34,"['Teamwork', 'Sales Experience', 'SQL', 'Communication', 'Technical Writing', 'C++', 'Python']",Mid-level,"[0, 0, 1, 1, 1, 5, 4, 1, 3, 5, 3, 1, 3, 1, 1, 1, 2, 1, 4, 5]"
S0118,E,Internship,59000,37,"['Marketing Strategy', 'Cybersecurity', 'Network Administration']",Entry-level,"[5, 3, 3, 3, 5, 5, 5, 1, 1, 1, 4, 1, 3, 0, 5, 5, 4, 2, 2, 0]"
S0119,A,Part-time,58000,10,"['Teamwork', 'Java', 'Data Analysis', 'JavaScript', 'Cybersecurity', 'Sales Experience']",Entry-level,"[4, 3, 2, 3, 0, 5, 4, 2, 4, 4, 1, 0, 1, 2, 4, 4, 3, 0, 1, 0]"
S0120,B,Full-time,55000,75,"['Python', 'Project Management', 'UI/UX Design', 'Data Analysis']",Mid-level,"[1, 1, 0, 0, 2, 1, 4, 5, 3, 2, 5, 2, 1, 3, 0, 4, 1, 2, 2, 0]"
S0121,A,Internship,81000,34,"['Cybersecurity', 'Cloud (AWS/Azure/GCP)', 'Marketing Strategy', 'Data Analysis', 'Machine Learning', 'CI/CD', 'Project Management', 'Java', 'NoSQL']",Senior,"[5, 5, 2, 2, 3, 3, 3, 5, 1, 5, 0, 1, 3, 3, 2, 2, 1, 2, 4, 1]"
S0122,D,Part-time,44000,14,"['System Design', 'Marketing Strategy', 'JavaScript', 'Cybersecurity', 'Teamwork']",Entry-level,"[5, 2, 4, 5, 1, 4, 1, 0, 3, 3, 5, 0, 4, 0, 1, 1, 0, 4, 4, 3]"
S0123,C,Part-time,84000,24,"['Teamwork', 'Marketing Strategy', 'Project Management', 'Machine Learning', 'System Design', 'Python']",Senior,"[2, 1, 5, 1, 2, 0, 4, 0, 3, 2, 4, 1, 5, 3, 0, 2, 2, 5, 0, 5]"
S0124,D,Contract,97000,69,"['Cybersecurity', 'NoSQL', 'Teamwork', 'C++', 'System Design', 'CI/CD', 'Customer Support', 'Sales Experience']",Senior,"[3, 5, 4, 2, 4, 1, 1, 1, 4, 4, 2, 4, 3, 0, 1, 4, 5, 4, 0, 1]"
S0125,B,Part-time,49000,55,"['Data Analysis', 'Network Administration', 'Python']",Entry-level,"[0, 2, 1, 2, 1, 3, 2, 1, 5, 4, 3, 4, 2, 3, 2, 2, 0, 2, 1, 4]"
S0126,A,Part-time,79000,16,"['SQL', 'Machine Learning', 'UI/UX Design']",Mid-level,"[3, 5, 3, 2, 0, 3, 1, 4, 3, 1, 2, 2, 0, 3, 4, 4, 0, 0, 0, 5]"
S0127,D,Internship,43000,50,"['Problem Solving', 'Teamwork', 'Python', 'Communication', 'DevOps', 'Sales Experience', 'C++', 'JavaScript', 'CI/CD']",Entry-level,"[2, 5, 5, 1, 2, 4, 1, 3, 1, 4, 5, 1, 1, 2, 5, 2, 1, 3, 5, 4]"
S0128,E,Contract,125000,27,"['System Design', 'Sales Experience', 'Teamwork', 'NoSQL', 'C++', 'Agile Methodologies', 'Python', 'CI/CD', 'Machine Learning', 'Project Management']",Manager,"[0, 4, 1, 2, 1, 4, 1, 2, 3, 4, 4, 2, 1, 3, 0, 3, 5, 4, 1, 4]"
S0129,B,Contract,46000,27,"['CI/CD', 'Agile Methodologies', 'Machine Learning', 'Data Analysis', 'NoSQL', 'Communication', 'DevOps', 'Marketing Strategy', 'Cybersecurity', 'Teamwork']",Entry-level,"[3, 5, 5, 1, 4, 0, 0, 0, 5, 3, 2, 4, 1, 5, 4, 2, 3, 2, 3, 4]"
S0130,D,Internship,125000,59,"['Communication', 'System Design', 'DevOps', 'JavaScript', 'NoSQL', 'Sales Experience', 'CI/CD']",Manager,"[4, 5, 1, 1, 3, 5, 4, 0, 1, 2, 2, 5, 5, 1, 4, 1, 5, 5, 0, 2]"
S0131,E,Full-time,43000,75,"['DevOps', 'System Design', 'Teamwork', 'Cybersecurity', 'Sales Experience', 'Leadership', 'Customer Support']",Entry-level,"[2, 1, 3, 1, 2, 5, 3, 1, 2, 3, 0, 2, 4, 2, 3, 1, 4, 1, 3, 2]"
S0132,B,Internship,133000,35,"['Data Analysis', 'Technical Writing', 'C++', 'Marketing Strategy', 'Project Management', 'SQL', 'Leadership', 'Cloud (AWS/Azure/GCP)', 'UI/UX Design']",Manager,"[4, 5, 2, 0, 0, 5, 1, 3, 5, 0, 4, 3, 4, 1, 3, 1, 5, 4, 2, 3]"
S0133,A,Contract,46000,26,"['Communication', 'C++', 'CI/CD', 'Machine Learning', 'Cloud (AWS/Azure/GCP)', 'Python', 'System Design', 'JavaScript', 'Teamwork', 'Technical Writing']",Entry-level,"[2, 2, 1, 2, 1, 5, 3, 3, 2, 3, 0, 1, 5, 0, 2, 0, 4, 2, 2, 0]"
S0134,C,Contract,156000,19,"['Customer Support', 'Problem Solving', 'SQL', 'Data Analysis', 'Teamwork', 'Leadership', 'C++', 'NoSQL', 'Sales Experience', 'UI/UX Design']",Manager,"[5, 1, 0, 2, 4, 2, 3, 0, 2, 3, 3, 2, 2, 4, 4, 5, 2, 3, 0, 3]"
S0135,E,Full-time,105000,50,"['System Design', 'Teamwork', 'Communication']",Senior,"[5, 2, 4, 4, 2, 4, 4, 2, 0, 2, 0, 5, 3, 2, 2, 0, 2, 3, 4, 5]"
S0136,E,Full-time,133000,44,"['DevOps', 'CI/CD', 'Marketing Strategy', 'Problem Solving']",Lead,"[0, 4, 2, 3, 1, 0, 0, 4, 3, 5, 4, 1, 4, 2, 3, 2, 3, 1, 3, 3]"
S0137,E,Internship,174000,80,"['JavaScript', 'Project Management', 'Marketing Strategy', 'Cloud (AWS/Azure/GCP)', 'C++', 'UI/UX Design', 'Java', 'Customer Support']",Manager,"[2, 0, 0, 1, 1, 2, 0, 4, 2, 1, 1, 1, 1, 0, 1, 5, 5, 5, 3, 0]"
S0138,D,Full-time,146000,50,"['Data Analysis', 'Python', 'Java', 'Problem Solving', 'Cybersecurity', 'Marketing Strategy', 'C++']",Lead,"[0, 5, 2, 1, 2, 4, 3, 4, 2, 0, 3, 2, 5, 2, 3, 5, 2, 2, 2, 1]"
S0139,C,Internship,109000,22,"['DevOps', 'Cloud (AWS/Azure/GCP)', 'Leadership', 'UI/UX Design', 'C++', 'Data Analysis']",Senior,"[2, 1, 5, 0, 0, 2, 2, 4, 3, 5, 1, 3, 4, 0, 3, 2, 3, 1, 2, 5]"
S0140,F,Full-time,152000,78,"['DevOps', 'Customer Support', 'Leadership', 'Sales Experience', 'Teamwork', 'System Design', 'Technical Writing', 'Cybersecurity', 'CI/CD', 'Cloud (AWS/Azure/GCP)']",Lead,"[0, 2, 1, 4, 0, 3, 1, 4, 3, 0, 3, 0, 4, 1, 2, 1, 2, 2, 2, 2]"
S0141,C,Contract,69000,31,"['Python', 'Leadership', 'Problem Solving', 'Teamwork', 'Customer Support', 'Marketing Strategy', 'DevOps', 'Data Analysis', 'Project Management']",Mid-level,"[0, 0, 3, 0, 4, 1, 2, 5, 2, 1, 4, 1, 2, 4, 2, 0, 1, 3, 5, 2]"
S0142,D,Full-time,124000,39,"['System Design', 'CI/CD', 'Agile Methodologies', 'Leadership', 'DevOps', 'Cybersecurity']",Lead,"[1, 1, 1, 1, 4, 3, 0, 4, 5, 0, 2, 2, 2, 5, 2, 1, 2, 3, 3, 0]"
S0143,F,Part-time,92000,60,"['Customer Support', 'SQL', 'Cybersecurity']",Senior,"[0, 4, 2, 0, 1, 4, 0, 0, 4, 0, 0, 4, 3, 0, 4, 0, 1, 1, 4, 5]"
S0144,C,Contract,94000,59,"['DevOps', 'Machine Learning', 'NoSQL', 'Python', 'Teamwork', 'CI/CD', 'Leadership']",Senior,"[2, 5, 5, 4, 2, 5, 4, 4, 0, 3, 3, 2, 2, 3, 5, 4, 0, 3, 5, 5]"
S0145,C,Contract,63000,18,"['NoSQL', 'Sales Experience', 'Data Analysis', 'Problem Solving', 'Teamwork', 'JavaScript', 'Customer Support', 'Project Management']",Mid-level,"[1, 1, 3, 0, 2, 3, 0, 1, 0, 2, 5, 0, 3, 2, 4, 4, 3, 4, 2, 3]"
S0146,C,Full-time,124000,54,"['JavaScript', 'CI/CD', 'Agile Methodologies']",Lead,"[3, 4, 4, 4, 1, 4, 2, 1, 5, 5, 5, 2, 1, 3, 0, 5, 2, 3, 4, 3]"
S0147,D,Full-time,48000,15,"['Customer Support', 'Communication', 'C++', 'System Design', 'NoSQL', 'Leadership', 'JavaScript', 'Agile Methodologies', 'DevOps', 'Network Administration']",Entry-level,"[3, 3, 1, 4, 3, 1, 0, 3, 5, 0, 5, 1, 1, 4, 1, 1, 0, 0, 2, 1]"
S0148,C,Full-time,43000,55,"['Problem Solving', 'Agile Methodologies', 'SQL', 'Leadership', 'Cybersecurity', 'System Design', 'Customer Support', 'Project Management', 'DevOps', 'Network Administration']",Entry-level,"[1, 0, 0, 3, 5, 2, 4, 3, 4, 2, 1, 5, 5, 2, 4, 2, 2, 3, 0, 5]"
S0149,C,Contract,128000,71,"['Communication', 'System Design', 'Python', 'Data Analysis', 'Marketing Strategy']",Senior,"[3, 5, 2, 5, 0, 1, 1, 2, 5, 0, 4, 0, 2, 2, 2, 5, 1, 5, 2, 1]"
S0150,D,Part-time,44000,58,"['Network Administration', 'CI/CD', 'Problem Solving', 'UI/UX Design', 'Python', 'Sales Experience', 'Cybersecurity', 'SQL', 'System Design', 'Data Analysis']",Entry-level,"[0, 3, 0, 2, 0, 5, 4, 0, 5, 2, 4, 1, 1, 5, 3, 4, 1, 0, 1, 0]"
S0151,D,Part-time,47000,58,"['System Design', 'Communication', 'Sales Experience', 'Python', 'Agile Methodologies', 'JavaScript', 'Problem Solving', 'Cloud (AWS/Azure/GCP)', 'Network Administration']",Entry-level,"[5, 2, 4, 3, 3, 4, 0, 0, 5, 4, 2, 1, 0, 5, 1, 3, 2, 2, 4, 4]"
S0152,E,Contract,138000,11,"['JavaScript', 'Customer Support', 'Cloud (AWS/Azure/GCP)', 'Project Management', 'C++', 'Teamwork', 'SQL']",Manager,"[1, 3, 1, 2, 4, 3, 4, 3, 0, 0, 5, 5, 3, 4, 1, 2, 1, 0, 4, 2]"
S0153,B,Full-time,64000,35,"['JavaScript', 'NoSQL', 'Project Management', 'UI/UX Design', 'Cloud (AWS/Azure/GCP)', 'Technical Writing', 'Teamwork', 'Customer Support', 'Data Analysis', 'Python']",Mid-level,"[2, 3, 3, 0, 5, 2, 5, 3, 3, 3, 3, 0, 5, 4, 3, 2, 0, 3, 1, 4]"
S0154,A,Contract,118000,71,"['Agile Methodologies', 'Data Analysis', 'CI/CD', 'Cloud (AWS/Azure/GCP)', 'UI/UX Design', 'Project Management', 'Marketing Strategy']",Lead,"[2, 5, 1, 5, 5, 0, 4, 4, 1, 5, 2, 4, 5, 5, 5, 0, 2, 1, 0, 4]"
S0155,D,Internship,124000,54,"['Agile Methodologies', 'C++', 'Customer Support', 'System Design', 'Data Analysis', 'NoSQL']",Lead,"[1, 2, 4, 5, 0, 3, 5, 5, 4, 2, 2, 5, 4, 1, 2, 1, 3, 0, 3, 1]"
S0156,D,Part-time,40000,17,"['NoSQL', 'SQL', 'DevOps', 'Communication', 'Leadership', 'Technical Writing', 'Teamwork', 'C++', 'Sales Experience']",Entry-level,"[0, 3, 1, 1, 0, 0, 3, 4, 1, 4, 2, 0, 4, 1, 2, 4, 5, 0, 1, 1]"
S0157,C,Part-time,57000,29,"['Project Management', 'Technical Writing', 'JavaScript', 'Java', 'DevOps', 'Problem Solving']",Entry-level,"[3, 1, 4, 3, 4, 0, 0, 1, 5, 4, 4, 3, 1, 3, 0, 0, 5, 1, 5, 2]"
S0158,D,Internship,69000,43,"['Data Analysis', 'Python', 'Project Management', 'Leadership', 'JavaScript']",Mid-level,"[5, 0, 0, 3, 1, 4, 2, 4, 5, 5, 0, 4, 1, 5, 3, 4, 2, 0, 4, 0]"
S0159,E,Full-time,170000,60,"['DevOps', 'CI/CD', 'Python', 'Project Management', 'NoSQL', 'Network Administration', 'SQL', 'Agile Methodologies']",Manager,"[1, 0, 3, 5, 3, 5, 3, 1, 3, 3, 0, 2, 2, 2, 5, 5, 1, 4, 1, 2]"
S0160,C,Part-time,121000,23,"['Communication', 'Project Management', 'Agile Methodologies']",Lead,"[0, 0, 4, 0, 1, 3, 5, 4, 4, 2, 3, 1, 2, 5, 0, 4, 5, 4, 3, 5]"
S0161,E,Contract,58000,78,"['Machine Learning', 'Problem Solving', 'DevOps', 'Customer Support', 'UI/UX Design', 'Agile Methodologies', 'Teamwork', 'Java', 'Cybersecurity']",Entry-level,"[0, 3, 1, 4, 4, 1, 5, 1, 1, 4, 0, 1, 0, 0, 3, 4, 0, 4, 1, 4]"
S0162,E,Contract,45000,31,"['NoSQL', 'Python', 'Marketing Strategy', 'Technical Writing', 'Communication', 'Leadership', 'Project Management', 'Data Analysis', 'DevOps', 'Sales Experience']",Entry-level,"[1, 3, 4, 1, 3, 0, 4, 4, 4, 1, 5, 4, 1, 3, 2, 1, 5, 0, 1, 0]"
S0163,E,Contract,177000,49,"['Agile Methodologies', 'DevOps', 'Python', 'Problem Solving', 'JavaScript', 'Network Administration']",Manager,"[0, 4, 2, 2, 5, 2, 2, 0, 1, 1, 5, 1, 1, 3, 2, 2, 5, 3, 4, 1]"
S0164,A,Internship,47000,17,"['Agile Methodologies', 'Python', 'DevOps', 'CI/CD', 'NoSQL', 'Leadership']",Entry-level,"[0, 2, 4, 5, 0, 2, 4, 2, 2, 4, 3, 2, 1, 5, 4, 4, 3, 1, 5, 1]"
S0165,B,Full-time,167000,72,"['JavaScript', 'Sales Experience', 'UI/UX Design', 'C++', 'Agile Methodologies', 'Python', 'Problem Solving']",Manager,"[3, 3, 5, 4, 0, 4, 3, 4, 5, 2, 2, 3, 4, 3, 1, 3, 4, 2, 3, 3]"
S0166,C,Internship,182000,67,"['NoSQL', 'Technical Writing', 'Marketing Strategy', 'UI/UX Design', 'C++', 'CI/CD']",Manager,"[3, 4, 0, 5, 4, 0, 4, 0, 2, 4, 5, 1, 2, 3, 0, 2, 2, 2, 5, 3]"
S0167,B,Part-time,155000,72,"['System Design', 'Java', 'Machine Learning']",Lead,"[0, 5, 5, 4, 1, 3, 4, 2, 1, 0, 4, 3, 2, 5, 4, 1, 2, 4, 5, 5]"
S0168,B,Full-time,48000,73,"['SQL', 'CI/CD', 'Network Administration']",Entry-level,"[0, 1, 4, 3, 3, 1, 5, 5, 4, 4, 2, 3, 2, 2, 0, 2, 3, 2, 2, 3]"
S0169,E,Full-time,108000,40,"['Network Administration', 'NoSQL', 'C++', 'Teamwork']",Senior,"[2, 4, 5, 0, 4, 4, 1, 0, 1, 4, 3, 2, 4, 2, 4, 1, 4, 0, 4, 3]"
S0170,C,Full-time,174000,78,"['Python', 'DevOps', 'Teamwork', 'Marketing Strategy', 'Network Administration', 'JavaScript']",Manager,"[0, 0, 5, 4, 1, 3, 2, 5, 5, 4, 1, 5, 4, 2, 0, 2, 5, 3, 5, 5]"
S0171,F,Part-time,147000,60,"['Python', 'Agile Methodologies', 'UI/UX Design', 'Marketing Strategy', 'SQL', 'Java', 'JavaScript', 'Leadership']",Lead,"[5, 0, 4, 2, 2, 4, 1, 5, 0, 5, 2, 1, 0, 2, 5, 5, 3, 3, 1, 5]"
S0172,A,Contract,145000,65,"['Problem Solving', 'UI/UX Design', 'Sales Experience', 'Marketing Strategy', 'JavaScript', 'Agile Methodologies', 'Project Management', 'CI/CD', 'Python', 'Network Administration']",Manager,"[5, 3, 3, 3, 0, 1, 1, 0, 1, 5, 4, 2, 0, 2, 0, 2, 4, 3, 5, 5]"
S0173,E,Contract,132000,24,"['Sales Experience', 'C++', 'SQL', 'DevOps', 'Agile Methodologies']",Lead,"[2, 1, 0, 2, 2, 2, 4, 4, 1, 0, 1, 1, 0, 0, 2, 5, 5, 4, 2, 5]"
S0174,B,Full-time,135000,11,"['CI/CD', 'DevOps', 'Cybersecurity', 'Sales Experience', 'UI/UX Design', 'Machine Learning', 'Java', 'Python']",Lead,"[0, 3, 2, 4, 3, 5, 1, 2, 5, 4, 4, 5, 3, 5, 5, 1, 0, 2, 5, 4]"
S0175,D,Full-time,134000,58,"['Machine Learning', 'Data Analysis', 'Leadership', 'Project Management', 'Teamwork', 'Problem Solving']",Lead,"[0, 0, 1, 4, 3, 1, 3, 0, 0, 3, 3, 5, 5, 0, 3, 1, 0, 2, 2, 4]"
S0176,A,Full-time,104000,70,"['Customer Support', 'Network Administration', 'Cybersecurity', 'Problem Solving']",Senior,"[4, 0, 1, 4, 2, 5, 0, 5, 4, 0, 5, 0, 5, 3, 1, 0, 2, 1, 5, 2]"
S0177,A,Part-time,165000,13,"['System Design', 'Problem Solving', 'UI/UX Design', 'Cybersecurity', 'Python', 'Machine Learning', 'SQL', 'Leadership', 'Sales Experience']",Manager,"[5, 0, 0, 4, 1, 1, 5, 3, 0, 3, 2, 2, 1, 3, 4, 5, 0, 4, 1, 3]"
S0178,F,Internship,131000,44,"['Java', 'SQL', 'Python', 'Teamwork', 'UI/UX Design']",Manager,"[4, 4, 0, 0, 4, 0, 5, 5, 1, 3, 4, 1, 4, 4, 2, 0, 5, 4, 5, 3]"
S0179,E,Full-time,122000,12,"['JavaScript', 'CI/CD', 'Customer Support', 'Python', 'Leadership', 'DevOps', 'NoSQL']",Senior,"[3, 2, 1, 4, 5, 4, 1, 4, 2, 1, 5, 5, 1, 4, 0, 4, 2, 5, 1, 4]"
S0180,C,Full-time,121000,25,"['C++', 'Customer Support', 'Marketing Strategy']",Lead,"[3, 1, 2, 0, 1, 0, 1, 3, 5, 1, 4, 1, 4, 3, 3, 3, 1, 1, 2, 0]"
S0181,A,Contract,153000,18,"['C++', 'Customer Support', 'Cybersecurity', 'Problem Solving', 'NoSQL', 'Communication', 'Project Management', 'Java', 'SQL']",Manager,"[5, 5, 4, 4, 1, 1, 2, 0, 2, 3, 5, 1, 1, 2, 2, 3, 3, 1, 2, 1]"
S0182,C,Full-time,147000,51,"['Sales Experience', 'Marketing Strategy', 'Agile Methodologies', 'C++', 'UI/UX Design']",Lead,"[3, 4, 4, 2, 4, 1, 5, 0, 1, 0, 2, 1, 1, 5, 5, 1, 3, 5, 1, 5]"
S0183,C,Part-time,124000,17,"['UI/UX Design', 'Project Management', 'Customer Support']",Manager,"[0, 5, 3, 1, 1, 5, 5, 2, 4, 4, 1, 2, 2, 1, 2, 4, 1, 2, 1, 2]"
S0184,D,Internship,128000,49,"['Java', 'UI/UX Design', 'JavaScript', 'Communication', 'Cybersecurity', 'Data Analysis', 'Leadership', 'Customer Support', 'Agile Methodologies']",Lead,"[2, 4, 3, 2, 2, 3, 3, 1, 2, 2, 5, 1, 1, 4, 4, 0, 3, 4, 4, 5]"
S0185,C,Contract,73000,60,"['SQL', 'CI/CD', 'Sales Experience', 'JavaScript', 'Python', 'NoSQL', 'Technical Writing', 'System Design', 'Network Administration']",Mid-level,"[1, 1, 0, 2, 5, 1, 5, 3, 1, 3, 5, 4, 1, 3, 4, 4, 2, 2, 0, 3]"
S0186,F,Full-time,152000,27,"['CI/CD', 'Project Management', 'JavaScript', 'System Design', 'Customer Support', 'Machine Learning', 'DevOps']",Lead,"[2, 3, 1, 0, 1, 4, 2, 4, 2, 1, 1, 5, 4, 3, 0, 1, 2, 3, 4, 4]"
S0187,F,Part-time,112000,67,"['Technical Writing', 'Python', 'Cloud (AWS/Azure/GCP)', 'Communication', 'Teamwork', 'Project Management', 'JavaScript', 'Data Analysis', 'Agile Methodologies', 'Marketing Strategy']",Senior,"[2, 5, 5, 2, 5, 3, 1, 1, 2, 0, 3, 3, 2, 2, 1, 2, 5, 1, 5, 1]"
S0188,C,Part-time,48000,56,"['JavaScript', 'Technical Writing', 'Leadership', 'Customer Support', 'Project Management']",Entry-level,"[4, 3, 0, 3, 3, 0, 1, 5, 5, 4, 1, 0, 3, 0, 5, 3, 5, 3, 4, 4]"
S0189,E,Internship,59000,64,"['DevOps', 'C++', 'Customer Support', 'Cybersecurity', 'Leadership', 'Problem Solving', 'JavaScript']",Mid-level,"[4, 0, 3, 1, 0, 0, 0, 3, 1, 5, 4, 0, 1, 3, 1, 5, 4, 2, 5, 2]"
S0190,B,Contract,128000,71,"['Communication', 'Cybersecurity', 'CI/CD', 'Teamwork']",Manager,"[3, 4, 0, 3, 1, 2, 4, 3, 2, 4, 5, 0, 5, 5, 1, 2, 3, 1, 5, 4]"
S0191,A,Part-time,57000,24,"['Technical Writing', 'Communication', 'SQL', 'Machine Learning', 'Cloud (AWS/Azure/GCP)']",Mid-level,"[2, 3, 5, 2, 2, 3, 3, 5, 2, 4, 0, 4, 5, 0, 1, 0, 2, 4, 2, 2]"
S0192,E,Part-time,50000,77,"['Python', 'Problem Solving', 'Machine Learning', 'DevOps', 'Leadership', 'SQL', 'Agile Methodologies', 'NoSQL', 'Customer Support']",Entry-level,"[4, 4, 5, 2, 3, 2, 2, 0, 1, 5, 2, 5, 4, 0, 3, 2, 2, 3, 1, 4]"
S0193,A,Contract,108000,41,"['Marketing Strategy', 'Teamwork', 'Customer Support', 'Leadership', 'Network Administration', 'UI/UX Design', 'Cybersecurity', 'Technical Writing']",Lead,"[0, 5, 3, 0, 0, 1, 1, 2, 5, 0, 4, 5, 2, 5, 1, 2, 5, 2, 0, 0]"
S0194,D,Full-time,101000,22,"['Marketing Strategy', 'UI/UX Design', 'NoSQL', 'SQL', 'Machine Learning', 'Communication']",Senior,"[5, 4, 3, 5, 4, 3, 3, 5, 2, 5, 5, 5, 4, 4, 0, 1, 1, 1, 0, 0]"
S0195,C,Contract,40000,13,"['Cybersecurity', 'NoSQL', 'Network Administration', 'Data Analysis', 'DevOps', 'Project Management', 'System Design', 'SQL', 'JavaScript']",Entry-level,"[3, 4, 2, 5, 4, 4, 4, 3, 4, 4, 0, 3, 1, 4, 5, 5, 2, 2, 3, 1]"
S0196,F,Full-time,125000,68,"['Marketing Strategy', 'Data Analysis', 'Java', 'Machine Learning', 'Agile Methodologies', 'CI/CD', 'Teamwork']",Senior,"[3, 3, 2, 2, 2, 1, 5, 2, 1, 4, 2, 1, 1, 2, 5, 5, 5, 4, 1, 3]"
S0197,B,Contract,70000,26,"['Communication', 'UI/UX Design', 'NoSQL']",Mid-level,"[5, 0, 4, 4, 3, 5, 5, 2, 4, 5, 0, 0, 5, 4, 1, 5, 2, 0, 0, 5]"
S0198,F,Full-time,88000,19,"['Communication', 'Customer Support', 'Teamwork']",Senior,"[4, 2, 0, 5, 0, 2, 1, 0, 3, 1, 0, 4, 2, 1, 5, 4, 0, 4, 3, 5]"
S0199,F,Part-time,44000,39,"['DevOps', 'Data Analysis', 'Marketing Strategy', 'UI/UX Design', 'System Design', 'Agile Methodologies', 'SQL', 'Project Management', 'Sales Experience', 'Technical Writing']",Entry-level,"[0, 1, 4, 2, 2, 5, 3, 5, 0, 4, 0, 5, 4, 4, 2, 4, 0, 1, 1, 1]"
S0200,D,Part-time,140000,22,"['UI/UX Design', 'C++', 'Sales Experience', 'Java', 'Machine Learning']",Lead,"[3, 3, 1, 0, 1, 0, 5, 2, 2, 3, 0, 0, 0, 2, 1, 2, 4, 1, 4, 3]"
S0201,B,Part-time,105000,64,"['Communication', 'C++', 'Technical Writing', 'Python', 'Sales Experience', 'Problem Solving', 'Project Management']",Senior,"[4, 5, 2, 2, 0, 5, 4, 2, 1, 5, 5, 2, 5, 1, 3, 4, 4, 3, 4, 1]"
S0202,D,Full-time,54000,24,"['SQL', 'DevOps', 'Network Administration', 'Marketing Strategy', 'NoSQL']",Entry-level,"[1, 2, 3, 2, 5, 5, 4, 2, 5, 5, 3, 4, 1, 2, 2, 1, 4, 1, 1, 2]"
S0203,F,Contract,63000,41,"['CI/CD', 'Leadership', 'DevOps', 'Problem Solving', 'Communication']",Mid-level,"[2, 2, 1, 0, 5, 5, 1, 3, 0, 0, 1, 5, 1, 0, 3, 2, 2, 2, 2, 1]"
S0204,C,Internship,85000,58,"['Network Administration', 'Cybersecurity', 'CI/CD', 'Java', 'Marketing Strategy', 'Data Analysis', 'Problem Solving', 'DevOps', 'Customer Support', 'Sales Experience']",Senior,"[3, 3, 4, 2, 4, 4, 5, 2, 5, 1, 0, 3, 2, 2, 4, 1, 2, 0, 1, 4]"
S0205,B,Internship,79000,17,"['Communication', 'JavaScript', 'Technical Writing', 'NoSQL', 'Data Analysis', 'Java', 'Customer Support', 'C++', 'Agile Methodologies']",Mid-level,"[3, 2, 3, 2, 1, 0, 3, 5, 4, 1, 0, 2, 0, 1, 4, 1, 1, 3, 5, 2]"
S0206,A,Full-time,54000,29,"['DevOps', 'UI/UX Design', 'Sales Experience', 'System Design']",Mid-level,"[2, 2, 4, 3, 2, 2, 5, 0, 3, 2, 3, 0, 0, 2, 0, 4, 0, 1, 3, 0]"
S0207,A,Contract,129000,22,"['Marketing Strategy', 'Java', 'SQL', 'CI/CD', 'Data Analysis', 'DevOps', 'C++', 'Agile Methodologies']",Lead,"[5, 0, 2, 5, 5, 0, 5, 0, 0, 1, 1, 2, 0, 4, 1, 4, 2, 2, 4, 5]"
S0208,D,Full-time,66000,58,"['Agile Methodologies', 'Project Management', 'Cloud (AWS/Azure/GCP)']",Mid-level,"[4, 0, 3, 0, 3, 5, 4, 2, 0, 0, 0, 5, 1, 1, 0, 2, 4, 3, 2, 2]"
S0209,C,Part-time,93000,15,"['C++', 'Sales Experience', 'Customer Support', 'JavaScript', 'Machine Learning', 'Communication']",Mid-level,"[1, 4, 0, 1, 0, 2, 2, 0, 3, 4, 2, 4, 2, 2, 4, 0, 4, 2, 3, 2]"
S0210,A,Internship,127000,62,"['Cloud (AWS/Azure/GCP)', 'Teamwork', 'System Design', 'Marketing Strategy', 'Python', 'Cybersecurity', 'Agile Methodologies', 'UI/UX Design']",Manager,"[0, 4, 2, 0, 2, 4, 2, 4, 0, 5, 2, 1, 4, 2, 1, 4, 3, 4, 3, 0]"
S0211,A,Contract,128000,11,"['Problem Solving', 'Customer Support', 'SQL', 'NoSQL', 'CI/CD', 'Sales Experience']",Lead,"[5, 1, 0, 0, 2, 0, 2, 4, 1, 2, 4, 4, 4, 3, 0, 4, 0, 2, 2, 2]"
S0212,D,Internship,96000,26,"['SQL', 'Communication', 'Sales Experience', 'Data Analysis', 'CI/CD']",Senior,"[5, 4, 5, 0, 1, 1, 1, 0, 3, 2, 5, 1, 2, 3, 5, 3, 0, 1, 2, 3]"
S0213,F,Contract,80000,57,"['Sales Experience', 'Technical Writing', 'Agile Methodologies', 'CI/CD', 'Cloud (AWS/Azure/GCP)', 'C++', 'Project Management', 'Marketing Strategy', 'Problem Solving']",Mid-level,"[0, 4, 4, 1, 5, 5, 1, 3, 2, 0, 1, 2, 0, 0, 2, 1, 5, 0, 1, 5]"
S0214,C,Internship,51000,14,"['DevOps', 'NoSQL', 'C++', 'Project Management', 'Cybersecurity', 'Problem Solving', 'Leadership']",Entry-level,"[4, 3, 2, 1, 2, 0, 4, 4, 5, 2, 3, 2, 2, 4, 1, 5, 1, 0, 2, 0]"
S0215,D,Internship,157000,31,"['Customer Support', 'Cloud (AWS/Azure/GCP)', 'Data Analysis']",Lead,"[3, 4, 1, 3, 3, 2, 0, 5, 0, 3, 1, 3, 0, 2, 2, 5, 2, 0, 2, 3]"
S0216,B,Internship,84000,16,"['Network Administration', 'Project Management', 'Problem Solving']",Mid-level,"[1, 3, 5, 1, 4, 1, 3, 2, 1, 2, 1, 0, 5, 2, 4, 0, 5, 1, 1, 5]"
S0217,D,Part-time,146000,11,"['Cloud (AWS/Azure/GCP)', 'NoSQL', 'Cybersecurity', 'Problem Solving', 'Java', 'System Design', 'UI/UX Design', 'Machine Learning', 'Technical Writing']",Lead,"[0, 1, 3, 1, 1, 2, 1, 2, 2, 1, 2, 5, 4, 5, 1, 5, 4, 1, 5, 4]"
S0218,D,Full-time,88000,33,"['Java', 'Agile Methodologies', 'Customer Support', 'Data Analysis', 'Sales Experience', 'System Design', 'DevOps', 'Python', 'SQL', 'Cloud (AWS/Azure/GCP)']",Mid-level,"[5, 4, 1, 2, 1, 4, 1, 1, 2, 5, 3, 4, 5, 2, 5, 5, 1, 5, 3, 5]"
S0219,D,Contract,145000,75,"['System Design', 'Java', 'C++', 'Sales Experience', 'Python', 'Machine Learning', 'Cybersecurity']",Manager,"[5, 2, 1, 4, 2, 1, 0, 3, 3, 2, 1, 2, 3, 5, 2, 2, 3, 0, 2, 1]"
S0220,B,Full-time,108000,61,"['Leadership', 'Project Management', 'Java', 'SQL', 'DevOps', 'Network Administration', 'Python']",Senior,"[5, 0, 3, 1, 1, 5, 5, 2, 3, 3, 0, 2, 1, 4, 3, 0, 0, 4, 2, 3]"
S0221,C,Contract,154000,19,"['System Design', 'UI/UX Design', 'C++', 'Technical Writing']",Lead,"[4, 2, 4, 2, 1, 1, 3, 5, 3, 1, 1, 4, 3, 0, 5, 3, 1, 2, 4, 5]"
S0222,A,Contract,129000,38,"['SQL', 'Network Administration', 'Teamwork']",Lead,"[2, 0, 2, 2, 3, 1, 4, 0, 2, 5, 0, 2, 5, 5, 2, 3, 5, 2, 2, 4]"
S0223,C,Full-time,101000,20,"['NoSQL', 'Project Management', 'Technical Writing', 'Teamwork', 'UI/UX Design', 'Problem Solving', 'JavaScript', 'Network Administration', 'Python', 'Customer Support']",Senior,"[0, 4, 0, 4, 2, 2, 1, 4, 1, 2, 4, 2, 5, 3, 1, 4, 5, 5, 2, 1]"
S0224,C,Full-time,55000,58,"['Project Management', 'JavaScript', 'NoSQL']",Entry-level,"[4, 3, 0, 4, 3, 5, 3, 4, 0, 2, 4, 2, 5, 4, 2, 4, 5, 1, 0, 2]"
S0225,D,Contract,51000,13,"['CI/CD', 'JavaScript', 'Cloud (AWS/Azure/GCP)', 'Communication', 'Sales Experience', 'Java']",Entry-level,"[3, 4, 0, 1, 4, 0, 1, 5, 4, 0, 5, 3, 0, 5, 2, 0, 4, 4, 3, 2]"
S0226,C,Full-time,150000,19,"['Sales Experience', 'System Design', 'UI/UX Design', 'Marketing Strategy', 'Leadership', 'Cybersecurity']",Lead,"[1, 3, 5, 4, 3, 5, 5, 5, 3, 3, 5, 4, 1, 1, 3, 2, 1, 5, 3, 2]"
S0227,F,Internship,169000,30,"['Customer Support', 'Sales Experience', 'Project Management', 'Java', 'Cybersecurity', 'Python', 'System Design', 'Data Analysis', 'Teamwork', 'Cloud (AWS/Azure/GCP)']",Manager,"[1, 0, 2, 1, 1, 1, 1, 5, 3, 5, 5, 5, 0, 2, 4, 5, 3, 5, 2, 0]"
S0228,D,Part-time,89000,26,"['Leadership', 'SQL', 'JavaScript', 'Java', 'UI/UX Design', 'Data Analysis', 'Project Management', 'C++', 'Python', 'Agile Methodologies']",Mid-level,"[5, 5, 0, 0, 0, 5, 5, 1, 3, 2, 3, 0, 1, 3, 4, 1, 5, 2, 3, 3]"
S0229,C,Full-time,59000,50,"['Teamwork', 'Customer Support', 'Network Administration', 'Data Analysis', 'Project Management', 'DevOps', 'Marketing Strategy']",Entry-level,"[4, 4, 2, 5, 2, 0, 5, 0, 1, 2, 0, 5, 4, 2, 5, 1, 3, 3, 1, 3]"
S0230,B,Full-time,82000,71,"['Teamwork', 'CI/CD', 'Machine Learning', 'Project Management', 'Customer Support', 'Problem Solving', 'Data Analysis', 'Technical Writing']",Mid-level,"[4, 0, 5, 0, 0, 3, 4, 0, 3, 3, 2, 3, 5, 5, 1, 5, 5, 4, 4, 3]"
S0231,C,Part-time,162000,16,"['Data Analysis', 'Agile Methodologies', 'Network Administration', 'Project Management', 'System Design', 'JavaScript']",Manager,"[3, 5, 2, 4, 3, 2, 1, 5, 1, 5, 1, 0, 4, 4, 0, 2, 3, 2, 4, 5]"
S0232,C,Internship,149000,69,"['Data Analysis', 'JavaScript', 'Python', 'Marketing Strategy', 'C++', 'Technical Writing']",Manager,"[5, 4, 0, 4, 0, 0, 0, 2, 3, 3, 5, 0, 4, 0, 2, 1, 1, 0, 5, 0]"
S0233,F,Internship,95000,41,"['Technical Writing', 'Leadership', 'Project Management', 'Teamwork', 'Network Administration']",Senior,"[4, 5, 1, 2, 2, 3, 5, 0, 4, 3, 0, 2, 1, 3, 4, 4, 5, 5, 0, 0]"
S0234,E,Contract,136000,60,"['Marketing Strategy', 'System Design', 'C++', 'UI/UX Design', 'SQL', 'JavaScript']",Lead,"[5, 0, 3, 1, 0, 5, 5, 3, 2, 1, 1, 3, 5, 4, 0, 0, 0, 5, 5, 2]"
S0235,D,Contract,119000,73,"['Python', 'Problem Solving', 'C++', 'Project Management', 'Agile Methodologies', 'SQL', 'CI/CD']",Senior,"[0, 2, 1, 1, 5, 4, 0, 0, 3, 5, 0, 4, 0, 3, 1, 4, 0, 4, 5, 3]"
S0236,A,Full-time,163000,24,"['DevOps', 'Cloud (AWS/Azure/GCP)', 'CI/CD', 'Teamwork', 'Java', 'Communication', 'Project Management', 'NoSQL', 'C++', 'UI/UX Design']",Manager,"[1, 1, 5, 3, 3, 5, 1, 1, 2, 4, 4, 2, 2, 4, 3, 1, 3, 0, 3, 5]"
S0237,F,Full-time,112000,15,"['Sales Experience', 'Agile Methodologies', 'SQL']",Senior,"[5, 0, 5, 4, 3, 5, 5, 3, 4, 2, 2, 1, 5, 0, 4, 4, 3, 2, 2, 4]"
S0238,D,Full-time,60000,74,"['Communication', 'UI/UX Design', 'Problem Solving', 'Python', 'SQL', 'System Design', 'Machine Learning']",Mid-level,"[2, 0, 3, 1, 4, 0, 1, 5, 5, 1, 4, 0, 0, 4, 4, 1, 0, 4, 5, 1]"
S0239,B,Internship,102000,79,"['Cloud (AWS/Azure/GCP)', 'Java', 'Customer Support', 'Leadership', 'Agile Methodologies', 'NoSQL', 'System Design', 'DevOps']",Senior,"[2, 0, 1, 4, 4, 0, 0, 5, 1, 4, 0, 2, 4, 0, 5, 0, 1, 3, 4, 0]"
S0240,C,Full-time,57000,10,"['Teamwork', 'SQL', 'C++', 'Machine Learning', 'Problem Solving', 'Cloud (AWS/Azure/GCP)', 'DevOps', 'Java']",Mid-level,"[5, 0, 4, 2, 3, 2, 3, 0, 2, 4, 5, 3, 0, 2, 3, 5, 0, 1, 0, 3]"
S0241,F,Contract,132000,23,"['SQL', 'Java', 'Sales Experience', 'Leadership', 'Project Management', 'System Design', 'JavaScript', 'Marketing Strategy', 'Agile Methodologies', 'Cloud (AWS/Azure/GCP)']",Senior,"[3, 2, 5, 1, 2, 2, 5, 2, 3, 3, 5, 2, 1, 2, 0, 3, 0, 4, 0, 4]"
S0242,B,Internship,58000,55,"['Cybersecurity', 'Project Management', 'NoSQL', 'C++', 'JavaScript', 'Teamwork']",Mid-level,"[1, 2, 0, 2, 4, 1, 4, 2, 5, 1, 1, 3, 3, 2, 3, 3, 5, 4, 5, 4]"
S0243,D,Full-time,111000,13,"['SQL', 'Cloud (AWS/Azure/GCP)', 'Problem Solving', 'Leadership']",Senior,"[5, 1, 4, 3, 1, 3, 1, 3, 2, 4, 3, 0, 3, 0, 4, 0, 1, 5, 2, 4]"
S0244,D,Part-time,129000,58,"['NoSQL', 'DevOps', 'Problem Solving', 'Customer Support', 'JavaScript', 'SQL', 'Agile Methodologies', 'Network Administration', 'Leadership', 'CI/CD']",Senior,"[3, 2, 3, 0, 3, 0, 5, 4, 5, 1, 3, 0, 1, 4, 1, 5, 2, 3, 4, 0]"
S0245,E,Part-time,53000,65,"['Customer Support', 'Cybersecurity', 'CI/CD', 'SQL', 'UI/UX Design', 'Agile Methodologies', 'Project Management', 'Network Administration', 'JavaScript']",Entry-level,"[2, 5, 4, 4, 4, 1, 3, 0, 2, 1, 2, 5, 5, 1, 3, 3, 5, 0, 1, 5]"
S0246,A,Full-time,47000,57,"['Cloud (AWS/Azure/GCP)', 'Cybersecurity', 'NoSQL', 'Machine Learning', 'Technical Writing', 'Agile Methodologies', 'UI/UX Design', 'Data Analysis']",Entry-level,"[2, 4, 3, 0, 1, 2, 2, 0, 0, 4, 1, 5, 3, 4, 1, 2, 3, 4, 2, 2]"
S0247,B,Internship,158000,42,"['Java', 'DevOps', 'NoSQL', 'Sales Experience', 'Leadership', 'Marketing Strategy', 'C++', 'JavaScript']",Lead,"[5, 5, 5, 5, 2, 0, 4, 1, 1, 1, 2, 4, 5, 3, 2, 5, 2, 1, 0, 2]"
S0248,D,Part-time,111000,41,"['Agile Methodologies', 'UI/UX Design', 'Customer Support', 'CI/CD', 'Cybersecurity', 'DevOps', 'Data Analysis']",Senior,"[4, 1, 2, 2, 4, 1, 2, 4, 5, 4, 0, 0, 1, 4, 5, 2, 5, 1, 0, 4]"
S0249,E,Part-time,48000,27,"['Teamwork', 'Technical Writing', 'Cybersecurity']",Entry-level,"[0, 4, 5, 4, 2, 5, 3, 1, 5, 4, 5, 1, 0, 0, 3, 2, 2, 1, 1, 2]"
S0250,F,Full-time,130000,56,"['Teamwork', 'Network Administration', 'CI/CD', 'System Design', 'SQL', 'Sales Experience', 'Project Management', 'Cloud (AWS/Azure/GCP)', 'Problem Solving']",Manager,"[5, 3, 4, 5, 0, 1, 5, 1, 2, 2, 5, 2, 4, 5, 1, 3, 1, 5, 3, 5]"
S0251,C,Full-time,52000,52,"['Machine Learning', 'C++', 'Marketing Strategy']",Entry-level,"[1, 3, 3, 5, 5, 3, 5, 0, 2, 2, 5, 0, 5, 4, 1, 2, 5, 4, 4, 3]"
S0252,F,Full-time,53000,53,"['Cloud (AWS/Azure/GCP)', 'System Design', 'Customer Support', 'Cybersecurity', 'Data Analysis', 'Problem Solving', 'JavaScript', 'Sales Experience']",Entry-level,"[4, 0, 5, 2, 2, 0, 5, 5, 3, 5, 4, 3, 3, 3, 3, 2, 4, 2, 5, 1]"
S0253,B,Part-time,108000,36,"['Cybersecurity', 'Communication', 'Project Management', 'Machine Learning', 'Data Analysis', 'NoSQL', 'Problem Solving']",Senior,"[0, 3, 2, 1, 0, 4, 2, 0, 4, 1, 3, 0, 0, 4, 3, 1, 1, 5, 3, 1]"
S0254,D,Part-time,63000,76,"['Cybersecurity', 'Customer Support', 'Project Management']",Mid-level,"[2, 4, 1, 4, 4, 4, 0, 2, 0, 0, 4, 3, 1, 1, 4, 1, 3, 2, 2, 3]"
S0255,B,Contract,124000,15,"['JavaScript', 'Communication', 'CI/CD', 'Cybersecurity', 'Machine Learning', 'Python', 'Sales Experience']",Lead,"[1, 0, 4, 4, 0, 0, 2, 2, 1, 4, 3, 1, 1, 2, 1, 0, 4, 2, 0, 1]"
S0256,D,Part-time,42000,65,"['NoSQL', 'System Design', 'DevOps']",Entry-level,"[1, 0, 5, 2, 0, 2, 4, 5, 1, 2, 2, 4, 1, 3, 1, 5, 0, 2, 3, 3]"
S0257,B,Full-time,144000,28,"['Data Analysis', 'DevOps', 'Customer Support', 'Python', 'Network Administration', 'Communication', 'Agile Methodologies']",Lead,"[4, 0, 5, 0, 2, 1, 4, 2, 3, 3, 5, 3, 2, 4, 0, 5, 3, 4, 3, 0]"
S0258,C,Contract,112000,49,"['Technical Writing', 'Python', 'Data Analysis', 'Cloud (AWS/Azure/GCP)']",Senior,"[5, 5, 2, 4, 4, 5, 0, 5, 0, 5, 3, 4, 2, 0, 3, 4, 3, 4, 5, 1]"
S0259,B,Internship,152000,79,"['JavaScript', 'Data Analysis', 'Technical Writing']",Lead,"[4, 4, 5, 3, 4, 3, 3, 0, 4, 2, 4, 0, 5, 4, 3, 0, 1, 3, 3, 4]"
S0260,F,Part-time,44000,26,"['Machine Learning', 'UI/UX Design', 'Cloud (AWS/Azure/GCP)', 'Teamwork', 'DevOps', 'Data Analysis']",Entry-level,"[4, 4, 1, 2, 2, 4, 3, 3, 1, 0, 0, 1, 2, 1, 0, 2, 4, 1, 2, 0]"
S0261,F,Full-time,118000,73,"['Cybersecurity', 'Teamwork', 'Technical Writing', 'DevOps', 'Communication', 'Leadership', 'Machine Learning', 'Agile Methodologies', 'System Design', 'Marketing Strategy']",Lead,"[4, 1, 4, 3, 5, 4, 4, 1, 1, 1, 5, 5, 1, 0, 4, 4, 1, 4, 4, 1]"
S0262,C,Internship,163000,26,"['DevOps', 'Data Analysis', 'CI/CD', 'UI/UX Design', 'Machine Learning']",Manager,"[4, 4, 3, 5, 5, 1, 4, 4, 0, 2, 1, 5, 1, 5, 1, 3, 2, 3, 5, 4]"
S0263,E,Contract,49000,36,"['Problem Solving', 'SQL', 'Teamwork', 'DevOps', 'Project Management', 'Machine Learning', 'CI/CD', 'Network Administration', 'NoSQL']",Entry-level,"[3, 3, 4, 2, 1, 2, 1, 5, 3, 5, 5, 0, 3, 2, 4, 4, 3, 2, 5, 2]"
S0264,E,Contract,48000,40,"['Marketing Strategy', 'CI/CD', 'Cloud (AWS/Azure/GCP)', 'Sales Experience', 'SQL', 'System Design']",Entry-level,"[1, 2, 1, 1, 5, 5, 3, 4, 3, 0, 2, 2, 3, 5, 5, 5, 4, 1, 4, 4]"
S0265,A,Part-time,69000,62,"['Machine Learning', 'Marketing Strategy', 'Teamwork', 'Java']",Mid-level,"[1, 1, 2, 5, 3, 1, 1, 5, 2, 0, 3, 3, 0, 0, 4, 2, 3, 5, 5, 0]"
S0266,D,Full-time,120000,37,"['C++', 'Sales Experience', 'Teamwork', 'Communication', 'Java']",Senior,"[2, 4, 3, 3, 0, 3, 1, 3, 5, 5, 3, 4, 1, 1, 1, 4, 1, 3, 1, 1]"
S0267,F,Part-time,78000,24,"['Agile Methodologies', 'Cybersecurity', 'CI/CD', 'Marketing Strategy']",Mid-level,"[4, 5, 3, 4, 1, 3, 5, 0, 2, 4, 0, 0, 3, 3, 2, 4, 4, 0, 3, 5]"
S0268,D,Full-time,130000,42,"['NoSQL', 'Agile Methodologies', 'Technical Writing']",Lead,"[4, 4, 1, 3, 1, 5, 2, 4, 0, 5, 2, 3, 4, 5, 4, 5, 3, 2, 3, 0]"
S0269,A,Part-time,135000,35,"['Python', 'JavaScript', 'Marketing Strategy', 'Machine Learning']",Manager,"[1, 4, 2, 3, 3, 4, 5, 2, 1, 5, 3, 4, 2, 1, 0, 1, 3, 5, 0, 5]"
S0270,B,Part-time,74000,42,"['SQL', 'Machine Learning', 'Cloud (AWS/Azure/GCP)', 'Communication', 'Agile Methodologies', 'DevOps', 'CI/CD', 'Teamwork', 'JavaScript']",Mid-level,"[0, 4, 0, 5, 2, 4, 3, 2, 5, 1, 0, 5, 0, 4, 1, 5, 5, 3, 1, 1]"
S0271,F,Part-time,63000,10,"['SQL', 'Agile Methodologies', 'DevOps', 'NoSQL', 'C++']",Entry-level,"[5, 4, 1, 2, 2, 3, 1, 3, 4, 4, 4, 3, 2, 2, 0, 5, 4, 5, 1, 3]"
S0272,C,Internship,84000,47,"['NoSQL', 'DevOps', 'System Design', 'UI/UX Design', 'Leadership', 'Java', 'Cybersecurity']",Mid-level,"[3, 5, 5, 5, 4, 2, 1, 0, 1, 4, 0, 4, 4, 4, 0, 4, 3, 3, 0, 5]"
S0273,C,Internship,116000,59,"['CI/CD', 'Marketing Strategy', 'Teamwork', 'Customer Support', 'System Design', 'Cybersecurity', 'UI/UX Design', 'Machine Learning']",Manager,"[0, 5, 4, 4, 0, 2, 4, 5, 2, 3, 5, 1, 0, 2, 1, 2, 5, 1, 4, 2]"
S0274,E,Contract,88000,60,"['CI/CD', 'Communication', 'Customer Support', 'DevOps', 'Project Management', 'Leadership', 'Teamwork']",Mid-level,"[1, 0, 5, 2, 2, 4, 2, 3, 4, 0, 4, 3, 1, 2, 5, 2, 3, 1, 4, 1]"
S0275,A,Contract,65000,45,"['Technical Writing', 'SQL', 'NoSQL', 'Machine Learning']",Mid-level,"[1, 3, 3, 4, 2, 3, 1, 2, 4, 3, 3, 2, 3, 3, 5, 0, 2, 5, 1, 5]"
S0276,C,Internship,176000,62,"['Technical Writing', 'Python', 'Teamwork', 'Problem Solving', 'Project Management', 'Sales Experience', 'System Design', 'Cloud (AWS/Azure/GCP)']",Manager,"[1, 5, 3, 5, 3, 5, 4, 1, 1, 4, 1, 3, 4, 0, 1, 5, 3, 4, 0, 5]"
S0277,E,Part-time,109000,29,"['NoSQL', 'Sales Experience', 'Agile Methodologies', 'Leadership']",Lead,"[5, 2, 2, 0, 4, 5, 0, 2, 3, 4, 0, 4, 4, 2, 5, 2, 1, 0, 0, 4]"
S0278,B,Part-time,155000,46,"['SQL', 'Project Management', 'Data Analysis', 'Python', 'UI/UX Design', 'Sales Experience', 'CI/CD', 'Leadership', 'Marketing Strategy', 'Machine Learning']",Lead,"[3, 0, 0, 3, 4, 2, 3, 4, 3, 3, 4, 2, 2, 0, 1, 3, 3, 0, 5, 2]"
S0279,E,Contract,91000,72,"['Customer Support', 'C++', 'Marketing Strategy', 'Data Analysis', 'Leadership', 'System Design']",Senior,"[3, 5, 5, 3, 1, 0, 0, 1, 3, 5, 0, 5, 3, 5, 2, 5, 4, 4, 2, 4]"
S0280,B,Contract,118000,79,"['SQL', 'Sales Experience', 'Agile Methodologies', 'Technical Writing', 'DevOps', 'Problem Solving']",Lead,"[1, 2, 3, 3, 5, 2, 1, 0, 0, 5, 1, 3, 4, 2, 5, 3, 1, 1, 1, 4]"
S0281,E,Internship,141000,59,"['Customer Support', 'Data Analysis', 'Java', 'DevOps', 'Cybersecurity', 'NoSQL', 'Sales Experience', 'System Design', 'C++', 'Machine Learning']",Lead,"[2, 5, 0, 1, 5, 0, 0, 5, 2, 3, 4, 5, 4, 5, 3, 1, 2, 2, 2, 3]"
S0282,B,Part-time,63000,56,"['UI/UX Design', 'Cloud (AWS/Azure/GCP)', 'Network Administration', 'Java', 'NoSQL', 'Machine Learning', 'Problem Solving', 'Cybersecurity']",Mid-level,"[0, 0, 0, 2, 5, 5, 0, 3, 4, 0, 0, 5, 5, 1, 4, 3, 1, 5, 5, 0]"
S0283,E,Contract,85000,18,"['Problem Solving', 'Customer Support', 'Technical Writing']",Senior,"[5, 3, 5, 1, 0, 4, 5, 3, 3, 4, 3, 4, 1, 4, 5, 2, 5, 4, 4, 5]"
S0284,D,Full-time,142000,38,"['NoSQL', 'Machine Learning', 'Sales Experience']",Lead,"[5, 2, 1, 3, 1, 5, 4, 5, 3, 1, 4, 5, 2, 4, 0, 2, 0, 3, 1, 5]"
S0285,C,Part-time,145000,23,"['Data Analysis', 'NoSQL', 'Leadership', 'Java', 'SQL', 'Agile Methodologies', 'Marketing Strategy']",Lead,"[2, 0, 3, 4, 1, 4, 0, 1, 1, 2, 0, 0, 1, 5, 5, 2, 5, 2, 2, 5]"
S0286,C,Contract,47000,63,"['UI/UX Design', 'Cloud (AWS/Azure/GCP)', 'Cybersecurity', 'Data Analysis', 'NoSQL', 'Network Administration', 'Machine Learning', 'Python', 'JavaScript']",Entry-level,"[5, 2, 2, 1, 1, 3, 4, 2, 1, 5, 3, 4, 3, 0, 2, 4, 4, 3, 0, 5]"
S0287,B,Part-time,68000,25,"['Cybersecurity', 'Sales Experience', 'NoSQL', 'Customer Support', 'UI/UX Design', 'C++', 'Python', 'Teamwork']",Mid-level,"[5, 1, 2, 5, 5, 5, 0, 0, 3, 0, 4, 5, 3, 4, 3, 4, 2, 0, 0, 5]"
S0288,F,Internship,52000,38,"['Leadership', 'Data Analysis', 'NoSQL', 'CI/CD']",Entry-level,"[4, 4, 4, 1, 0, 1, 1, 0, 4, 1, 2, 5, 0, 3, 4, 1, 3, 4, 2, 3]"
S0289,E,Contract,170000,50,"['Customer Support', 'SQL', 'Technical Writing', 'Project Management', 'Machine Learning', 'Problem Solving', 'Java', 'DevOps']",Manager,"[4, 2, 5, 5, 3, 3, 4, 3, 0, 0, 2, 1, 5, 5, 2, 4, 1, 4, 2, 4]"
S0290,E,Part-time,48000,54,"['NoSQL', 'Python', 'Technical Writing']",Entry-level,"[1, 0, 0, 2, 4, 5, 3, 1, 5, 4, 3, 5, 5, 3, 4, 1, 0, 0, 1, 0]"
S0291,F,Internship,163000,56,"['Customer Support', 'Leadership', 'Technical Writing', 'Marketing Strategy', 'Problem Solving', 'Sales Experience', 'Agile Methodologies', 'JavaScript', 'C++']",Manager,"[4, 1, 5, 3, 1, 0, 1, 5, 5, 4, 3, 2, 4, 4, 0, 3, 5, 5, 2, 1]"
S0292,F,Full-time,76000,46,"['Teamwork', 'Project Management', 'Agile Methodologies', 'Data Analysis']",Mid-level,"[1, 2, 3, 4, 1, 0, 1, 2, 2, 5, 1, 4, 2, 0, 0, 5, 3, 0, 2, 5]"
S0293,B,Part-time,117000,54,"['Python', 'Marketing Strategy', 'UI/UX Design', 'SQL', 'Teamwork', 'Communication', 'JavaScript', 'Cybersecurity']",Lead,"[4, 3, 5, 0, 2, 2, 2, 5, 3, 1, 5, 3, 3, 3, 1, 5, 1, 4, 0, 5]"
S0294,E,Full-time,131000,71,"['Cybersecurity', 'Agile Methodologies', 'CI/CD', 'Marketing Strategy']",Senior,"[4, 1, 4, 0, 2, 0, 1, 4, 1, 2, 1, 1, 0, 3, 1, 5, 3, 0, 4, 2]"
S0295,D,Internship,133000,35,"['System Design', 'Sales Experience', 'JavaScript', 'Project Management', 'Data Analysis', 'Technical Writing', 'C++']",Lead,"[0, 5, 1, 5, 1, 3, 1, 5, 1, 3, 2, 0, 5, 2, 2, 5, 0, 2, 2, 0]"
S0296,D,Internship,135000,43,"['Communication', 'Teamwork', 'DevOps', 'Sales Experience', 'Project Management', 'Machine Learning', 'Marketing Strategy']",Manager,"[4, 0, 2, 0, 5, 5, 3, 1, 1, 0, 3, 3, 2, 3, 2, 4, 4, 2, 1, 4]"
S0297,A,Full-time,56000,57,"['Leadership', 'Java', 'Network Administration', 'Cybersecurity', 'Technical Writing', 'Agile Methodologies', 'Cloud (AWS/Azure/GCP)', 'DevOps']",Entry-level,"[0, 0, 0, 3, 0, 2, 0, 2, 0, 5, 1, 4, 0, 4, 4, 1, 0, 0, 5, 3]"
S0298,C,Internship,60000,31,"['NoSQL', 'SQL', 'Teamwork']",Mid-level,"[1, 4, 5, 3, 0, 3, 0, 4, 1, 2, 4, 2, 0, 2, 0, 5, 0, 0, 0, 5]"
S0299,A,Full-time,155000,24,"['System Design', 'Technical Writing', 'Project Management', 'SQL']",Lead,"[4, 4, 1, 1, 3, 1, 4, 3, 2, 2, 1, 1, 2, 3, 4, 3, 2, 3, 5, 1]"
S0300,A,Internship,114000,76,"['Data Analysis', 'Java', 'C++', 'Communication', 'CI/CD', 'Agile Methodologies', 'JavaScript', 'NoSQL', 'Technical Writing', 'Machine Learning']",Lead,"[2, 4, 3, 5, 4, 2, 1, 5, 2, 5, 1, 1, 5, 1, 4, 2, 4, 2, 1, 0]"
S0301,E,Internship,39000,14,"['UI/UX Design', 'System Design', 'Java', 'Customer Support']",Entry-level,"[1, 4, 4, 4, 4, 1, 2, 3, 1, 2, 4, 5, 5, 3, 4, 5, 1, 3, 1, 0]"
S0302,B,Internship,118000,76,"['Cybersecurity', 'CI/CD', 'C++', 'Java', 'JavaScript', 'Agile Methodologies']",Senior,"[1, 0, 1, 0, 4, 4, 5, 5, 5, 2, 1, 2, 4, 3, 5, 1, 4, 5, 3, 0]"
S0303,B,Internship,154000,29,"['Data Analysis', 'Teamwork', 'C++', 'Marketing Strategy', 'Cybersecurity', 'Technical Writing', 'Customer Support']",Manager,"[1, 4, 1, 1, 4, 5, 5, 4, 2, 2, 4, 3, 4, 3, 2, 3, 5, 3, 0, 5]"
S0304,E,Part-time,149000,78,"['DevOps', 'Leadership', 'JavaScript', 'NoSQL', 'Technical Writing', 'Communication', 'Network Administration', 'CI/CD', 'Machine Learning']",Lead,"[3, 0, 4, 3, 3, 3, 4, 2, 3, 0, 5, 5, 1, 2, 0, 2, 3, 4, 0, 3]"
S0305,F,Contract,103000,16,"['Teamwork', 'UI/UX Design', 'Sales Experience', 'Cloud (AWS/Azure/GCP)']",Senior,"[5, 1, 1, 2, 4, 4, 3, 1, 2, 1, 3, 1, 2, 2, 1, 0, 0, 2, 0, 1]"
S0306,B,Full-time,137000,27,"['Problem Solving', 'System Design', 'NoSQL', 'Java', 'Project Management', 'CI/CD', 'Network Administration', 'Marketing Strategy']",Lead,"[2, 3, 1, 2, 4, 2, 1, 3, 3, 4, 3, 5, 4, 3, 3, 5, 5, 0, 4, 5]"
S0307,C,Full-time,144000,54,"['System Design', 'Leadership', 'Cybersecurity', 'Java', 'Project Management', 'Communication', 'Network Administration', 'Technical Writing']",Manager,"[0, 0, 5, 3, 4, 2, 2, 3, 5, 4, 2, 3, 5, 4, 3, 1, 5, 3, 5, 3]"
S0308,C,Full-time,126000,29,"['NoSQL', 'Sales Experience', 'Cloud (AWS/Azure/GCP)', 'Technical Writing', 'DevOps', 'Java', 'Network Administration']",Lead,"[3, 3, 5, 1, 1, 2, 3, 4, 3, 0, 4, 1, 3, 0, 3, 2, 3, 0, 3, 2]"
S0309,D,Part-time,101000,41,"['Cybersecurity', 'Customer Support', 'DevOps', 'Project Management', 'System Design', 'Agile Methodologies', 'UI/UX Design', 'NoSQL', 'Leadership', 'Network Administration']",Senior,"[3, 3, 4, 1, 4, 1, 0, 1, 3, 4, 2, 4, 4, 0, 5, 5, 0, 0, 1, 3]"
S0310,B,Full-time,59000,26,"['UI/UX Design', 'Project Management', 'NoSQL', 'C++', 'Java', 'Network Administration', 'Problem Solving']",Entry-level,"[1, 3, 3, 5, 5, 2, 3, 5, 2, 5, 2, 0, 1, 3, 3, 0, 1, 2, 4, 5]"
S0311,F,Full-time,82000,47,"['Network Administration', 'Teamwork', 'Data Analysis', 'Project Management']",Mid-level,"[1, 0, 5, 1, 2, 2, 0, 2, 3, 2, 3, 0, 4, 5, 3, 3, 2, 4, 4, 0]"
S0312,C,Internship,122000,48,"['Technical Writing', 'SQL', 'NoSQL', 'Cloud (AWS/Azure/GCP)', 'Marketing Strategy']",Manager,"[3, 1, 3, 2, 1, 3, 4, 4, 5, 1, 1, 4, 2, 5, 2, 3, 3, 3, 0, 2]"
S0313,D,Contract,58000,54,"['Sales Experience', 'Leadership', 'Python', 'DevOps', 'Cybersecurity', 'Cloud (AWS/Azure/GCP)', 'UI/UX Design', 'Agile Methodologies', 'Technical Writing', 'Data Analysis']",Entry-level,"[5, 5, 2, 0, 5, 2, 3, 4, 2, 2, 3, 4, 3, 1, 3, 4, 4, 4, 3, 1]"
S0314,E,Contract,58000,71,"['Communication', 'Java', 'SQL', 'System Design', 'C++', 'Technical Writing', 'Network Administration', 'JavaScript', 'Agile Methodologies', 'Teamwork']",Entry-level,"[2, 2, 0, 2, 0, 4, 3, 3, 5, 4, 1, 1, 3, 1, 4, 0, 5, 5, 4, 1]"
S0315,C,Contract,128000,54,"['Leadership', 'Marketing Strategy', 'C++', 'Cybersecurity', 'UI/UX Design']",Senior,"[1, 3, 4, 3, 2, 2, 3, 3, 5, 3, 2, 4, 4, 2, 3, 5, 4, 5, 1, 0]"
S0316,C,Full-time,105000,29,"['Marketing Strategy', 'Python', 'Agile Methodologies', 'CI/CD', 'System Design', 'SQL', 'Java', 'Machine Learning']",Senior,"[3, 4, 4, 0, 0, 0, 1, 1, 4, 5, 0, 3, 2, 4, 1, 2, 0, 5, 1, 3]"
S0317,C,Part-time,64000,25,"['JavaScript', 'NoSQL', 'Cloud (AWS/Azure/GCP)', 'Problem Solving', 'Technical Writing', 'System Design', 'Agile Methodologies']",Mid-level,"[2, 5, 3, 4, 1, 2, 5, 2, 1, 4, 2, 0, 2, 5, 0, 4, 5, 5, 3, 0]"
S0318,B,Part-time,77000,34,"['UI/UX Design', 'Java', 'SQL', 'NoSQL', 'DevOps', 'Cloud (AWS/Azure/GCP)', 'Leadership', 'Marketing Strategy', 'Agile Methodologies', 'Communication']",Mid-level,"[4, 1, 4, 1, 5, 5, 1, 4, 1, 0, 1, 0, 2, 3, 5, 3, 1, 3, 0, 4]"
S0319,E,Internship,89000,23,"['Data Analysis', 'Agile Methodologies', 'Marketing Strategy', 'System Design']",Senior,"[0, 3, 3, 4, 2, 0, 1, 2, 5, 4, 1, 0, 5, 2, 4, 5, 0, 2, 5, 1]"
S0320,A,Part-time,115000,28,"['Leadership', 'Java', 'Data Analysis']",Senior,"[4, 0, 3, 4, 2, 5, 1, 4, 5, 1, 0, 5, 2, 5, 1, 1, 5, 5, 4, 5]"
S0321,A,Full-time,40000,12,"['Machine Learning', 'Java', 'Sales Experience', 'Teamwork']",Entry-level,"[0, 5, 4, 1, 0, 0, 4, 2, 3, 5, 4, 5, 3, 3, 5, 5, 2, 2, 0, 1]"
S0322,B,Internship,56000,47,"['Leadership', 'Data Analysis', 'Network Administration', 'CI/CD', 'JavaScript', 'System Design', 'Machine Learning', 'Python', 'SQL']",Entry-level,"[3, 4, 4, 5, 2, 3, 3, 3, 0, 1, 4, 1, 1, 2, 2, 0, 2, 2, 5, 1]"
S0323,A,Internship,59000,69,"['Cybersecurity', 'UI/UX Design', 'Data Analysis', 'Problem Solving', 'Customer Support', 'Teamwork']",Mid-level,"[1, 3, 3, 3, 5, 5, 0, 4, 1, 4, 5, 3, 0, 2, 4, 5, 1, 3, 4, 2]"
S0324,E,Part-time,113000,80,"['Python', 'Java', 'JavaScript']",Senior,"[3, 0, 0, 1, 2, 4, 3, 4, 3, 3, 1, 2, 4, 3, 1, 2, 3, 0, 3, 4]"
S0325,F,Part-time,74000,23,"['Teamwork', 'Cloud (AWS/Azure/GCP)', 'CI/CD', 'Marketing Strategy', 'Technical Writing', 'C++', 'Python', 'Problem Solving']",Mid-level,"[2, 2, 2, 3, 2, 4, 3, 0, 3, 4, 3, 1, 4, 1, 0, 3, 1, 1, 4, 2]"
S0326,F,Contract,88000,67,"['SQL', 'Project Management', 'Java', 'Data Analysis', 'Machine Learning', 'Agile Methodologies', 'JavaScript', 'Communication', 'Marketing Strategy', 'CI/CD']",Mid-level,"[3, 2, 4, 3, 4, 2, 2, 4, 5, 4, 1, 5, 3, 5, 1, 3, 0, 0, 3, 3]"
S0327,D,Internship,148000,36,"['Leadership', 'DevOps', 'Cybersecurity', 'Teamwork']",Manager,"[1, 2, 5, 1, 5, 3, 2, 3, 2, 1, 3, 4, 2, 3, 5, 0, 4, 5, 1, 0]"
S0328,C,Contract,102000,75,"['System Design', 'Problem Solving', 'Sales Experience', 'Marketing Strategy', 'SQL', 'Python', 'NoSQL', 'Technical Writing']",Senior,"[3, 4, 0, 5, 0, 3, 3, 2, 0, 0, 5, 5, 0, 1, 0, 4, 2, 3, 3, 3]"
S0329,B,Internship,163000,26,"['System Design', 'Data Analysis', 'Cloud (AWS/Azure/GCP)', 'Network Administration', 'Communication', 'Technical Writing', 'NoSQL', 'Problem Solving']",Manager,"[3, 4, 0, 1, 3, 2, 4, 0, 3, 3, 0, 3, 4, 5, 2, 5, 4, 3, 0, 0]"
S0330,B,Full-time,124000,11,"['Network Administration', 'Sales Experience', 'DevOps', 'Java', 'Communication', 'Python', 'Customer Support', 'System Design', 'Data Analysis', 'Project Management']",Manager,"[5, 1, 2, 4, 1, 3, 5, 5, 0, 2, 0, 2, 4, 3, 3, 3, 4, 1, 2, 2]"
S0331,D,Full-time,127000,32,"['Python', 'Communication', 'CI/CD', 'C++', 'Sales Experience', 'Java', 'Problem Solving', 'SQL', 'Leadership']",Manager,"[3, 4, 2, 0, 0, 2, 2, 1, 0, 5, 2, 1, 4, 5, 0, 1, 5, 2, 4, 0]"
S0332,B,Internship,145000,23,"['DevOps', 'Technical Writing', 'Java', 'Data Analysis', 'Customer Support', 'SQL', 'System Design']",Lead,"[4, 2, 4, 5, 5, 4, 4, 0, 5, 3, 4, 1, 0, 2, 4, 5, 1, 4, 3, 2]"
S0333,B,Contract,41000,56,"['Python', 'Project Management', 'SQL']",Entry-level,"[5, 0, 4, 3, 0, 0, 4, 2, 2, 0, 0, 4, 4, 3, 5, 1, 5, 3, 3, 0]"
S0334,E,Part-time,80000,28,"['Customer Support', 'Problem Solving', 'Technical Writing']",Mid-level,"[4, 1, 3, 5, 1, 4, 4, 0, 5, 5, 1, 2, 5, 0, 3, 0, 5, 3, 2, 2]"
S0335,A,Full-time,67000,11,"['DevOps', 'SQL', 'Sales Experience', 'Leadership', 'Cybersecurity', 'C++', 'Machine Learning', 'UI/UX Design', 'Problem Solving', 'Technical Writing']",Mid-level,"[5, 4, 1, 3, 1, 1, 1, 4, 2, 5, 2, 4, 4, 2, 1, 4, 3, 4, 4, 2]"
S0336,A,Full-time,63000,71,"['Cybersecurity', 'Marketing Strategy', 'Leadership', 'Customer Support', 'Network Administration', 'Agile Methodologies']",Mid-level,"[4, 3, 2, 3, 3, 4, 1, 3, 5, 1, 2, 0, 0, 0, 5, 4, 5, 5, 5, 1]"
S0337,B,Internship,118000,25,"['Cloud (AWS/Azure/GCP)', 'Problem Solving', 'Marketing Strategy', 'Leadership', 'Cybersecurity', 'Data Analysis']",Lead,"[3, 2, 1, 4, 5, 4, 2, 2, 2, 4, 5, 0, 1, 2, 5, 1, 0, 3, 2, 4]"
S0338,C,Contract,163000,19,"['SQL', 'Marketing Strategy', 'CI/CD', 'Cloud (AWS/Azure/GCP)', 'Project Management', 'DevOps', 'Technical Writing']",Manager,"[0, 4, 1, 5, 2, 4, 4, 3, 2, 1, 3, 1, 4, 5, 2, 1, 3, 3, 1, 0]"
S0339,C,Internship,153000,10,"['Data Analysis', 'Technical Writing', 'Network Administration', 'Project Management', 'Machine Learning']",Manager,"[3, 3, 2, 3, 3, 0, 1, 4, 4, 4, 5, 2, 1, 1, 3, 1, 1, 1, 0, 1]"
S0340,C,Full-time,116000,47,"['Customer Support', 'Data Analysis', 'NoSQL', 'Cloud (AWS/Azure/GCP)', 'C++', 'CI/CD', 'Java', 'Communication', 'Sales Experience', 'Leadership']",Lead,"[3, 3, 2, 3, 5, 2, 1, 1, 2, 0, 5, 5, 3, 1, 0, 5, 5, 1, 5, 3]"
S0341,A,Full-time,115000,30,"['Python', 'Customer Support', 'Problem Solving']",Lead,"[4, 4, 1, 1, 3, 4, 0, 3, 3, 4, 4, 1, 0, 1, 1, 2, 3, 5, 4, 2]"
S0342,D,Part-time,97000,52,"['Leadership', 'NoSQL', 'CI/CD', 'Technical Writing', 'Network Administration']",Senior,"[4, 0, 1, 2, 0, 2, 5, 1, 1, 0, 1, 1, 3, 4, 5, 2, 1, 0, 1, 1]"
S0343,D,Contract,114000,53,"['DevOps', 'Agile Methodologies', 'Leadership']",Lead,"[5, 4, 3, 4, 4, 0, 3, 5, 4, 3, 2, 5, 3, 3, 2, 0, 0, 5, 5, 3]"
S0344,A,Full-time,54000,51,"['Leadership', 'Machine Learning', 'Data Analysis', 'C++']",Entry-level,"[1, 5, 0, 2, 0, 2, 5, 4, 0, 4, 3, 4, 2, 5, 0, 0, 3, 2, 2, 5]"
S0345,A,Part-time,55000,43,"['Problem Solving', 'C++', 'System Design', 'Sales Experience']",Entry-level,"[3, 0, 5, 3, 4, 1, 0, 1, 2, 0, 5, 0, 2, 1, 3, 5, 3, 0, 4, 4]"
S0346,F,Internship,89000,54,"['Agile Methodologies', 'Communication', 'Problem Solving', 'Technical Writing', 'Python', 'C++', 'JavaScript']",Mid-level,"[2, 4, 1, 3, 2, 1, 1, 3, 1, 1, 4, 0, 5, 4, 4, 2, 3, 1, 0, 5]"
S0347,B,Full-time,127000,71,"['Cybersecurity', 'Network Administration', 'Sales Experience']",Lead,"[5, 3, 2, 0, 1, 2, 3, 3, 3, 4, 0, 0, 1, 1, 1, 0, 5, 5, 5, 4]"
S0348,C,Full-time,146000,24,"['NoSQL', 'Machine Learning', 'Project Management', 'Leadership', 'Cloud (AWS/Azure/GCP)', 'C++', 'Agile Methodologies', 'JavaScript', 'Data Analysis']",Manager,"[5, 1, 4, 0, 4, 4, 4, 2, 5, 2, 3, 5, 3, 4, 4, 1, 3, 1, 4, 5]"
S0349,D,Part-time,84000,61,"['SQL', 'Teamwork', 'Customer Support', 'System Design', 'NoSQL', 'Cloud (AWS/Azure/GCP)', 'Problem Solving']",Senior,"[1, 1, 1, 3, 3, 3, 1, 0, 1, 4, 2, 0, 5, 3, 4, 1, 1, 2, 5, 0]"
S0350,D,Contract,49000,41,"['SQL', 'NoSQL', 'Cybersecurity', 'Project Management']",Entry-level,"[1, 5, 2, 1, 1, 0, 0, 0, 3, 4, 1, 0, 5, 2, 3, 4, 3, 2, 2, 3]"
S0351,F,Full-time,175000,49,"['JavaScript', 'Cybersecurity', 'Marketing Strategy', 'SQL', 'C++', 'Cloud (AWS/Azure/GCP)', 'NoSQL', 'Technical Writing', 'DevOps', 'Machine Learning']",Manager,"[2, 3, 4, 3, 4, 3, 2, 5, 3, 1, 3, 4, 4, 0, 0, 4, 0, 0, 0, 5]"
S0352,D,Contract,53000,59,"['Teamwork', 'Problem Solving', 'Machine Learning', 'Project Management', 'Technical Writing', 'C++', 'Cybersecurity', 'SQL', 'Sales Experience', 'System Design']",Entry-level,"[4, 4, 0, 1, 0, 4, 0, 0, 5, 5, 3, 0, 2, 1, 5, 4, 3, 1, 0, 2]"
S0353,F,Part-time,67000,29,"['Communication', 'Network Administration', 'Java', 'DevOps', 'Sales Experience', 'Cloud (AWS/Azure/GCP)']",Mid-level,"[4, 4, 4, 1, 2, 4, 0, 1, 2, 4, 0, 5, 2, 4, 0, 2, 5, 0, 0, 3]"
S0354,E,Full-time,85000,54,"['JavaScript', 'Technical Writing', 'Problem Solving', 'Network Administration', 'Data Analysis', 'Java', 'Customer Support', 'Machine Learning', 'Communication', 'Project Management']",Senior,"[3, 0, 1, 1, 4, 5, 1, 4, 3, 4, 4, 0, 4, 0, 2, 1, 5, 0, 5, 2]"
S0355,E,Part-time,51000,25,"['Cybersecurity', 'SQL', 'CI/CD', 'Problem Solving', 'System Design', 'Python', 'Cloud (AWS/Azure/GCP)']",Entry-level,"[0, 5, 2, 0, 3, 4, 3, 3, 1, 3, 1, 5, 3, 1, 3, 3, 0, 2, 3, 2]"
S0356,B,Full-time,96000,32,"['Technical Writing', 'System Design', 'Python', 'Problem Solving', 'Customer Support', 'DevOps', 'Agile Methodologies', 'Network Administration']",Senior,"[0, 0, 2, 1, 4, 0, 0, 5, 2, 3, 2, 5, 0, 3, 2, 0, 1, 2, 1, 3]"
S0357,E,Contract,43000,53,"['Network Administration', 'DevOps', 'Agile Methodologies', 'CI/CD', 'Customer Support', 'Teamwork', 'Python']",Entry-level,"[4, 0, 1, 2, 0, 3, 5, 4, 5, 3, 1, 2, 4, 1, 2, 2, 3, 3, 0, 3]"
S0358,B,Contract,146000,60,"['Problem Solving', 'Python', 'DevOps', 'Marketing Strategy', 'Data Analysis', 'Communication', 'SQL', 'Teamwork', 'NoSQL', 'Project Management']",Lead,"[2, 2, 1, 5, 3, 3, 2, 0, 0, 0, 2, 4, 4, 3, 0, 1, 1, 3, 1, 5]"
S0359,A,Part-time,133000,77,"['Cybersecurity', 'Marketing Strategy', 'Machine Learning']",Lead,"[5, 1, 3, 0, 3, 0, 4, 3, 4, 5, 4, 4, 2, 1, 2, 3, 4, 5, 4, 5]"
S0360,B,Contract,131000,54,"['CI/CD', 'Agile Methodologies', 'C++']",Manager,"[3, 0, 5, 0, 5, 0, 1, 2, 4, 3, 2, 4, 2, 4, 5, 1, 5, 5, 5, 5]"
S0361,A,Full-time,39000,13,"['SQL', 'Agile Methodologies', 'Teamwork', 'Sales Experience', 'Data Analysis', 'Cloud (AWS/Azure/GCP)', 'CI/CD', 'Leadership']",Entry-level,"[3, 3, 5, 1, 5, 0, 5, 2, 3, 5, 0, 3, 1, 5, 5, 0, 4, 0, 5, 5]"
S0362,C,Part-time,48000,23,"['SQL', 'System Design', 'Project Management', 'Data Analysis', 'Technical Writing', 'Python', 'Sales Experience', 'Communication', 'UI/UX Design', 'Cloud (AWS/Azure/GCP)']",Entry-level,"[4, 2, 5, 1, 5, 2, 4, 3, 3, 2, 1, 2, 0, 2, 2, 4, 0, 2, 4, 5]"
S0363,E,Part-time,164000,48,"['UI/UX Design', 'Customer Support', 'Cloud (AWS/Azure/GCP)', 'C++', 'Cybersecurity', 'Data Analysis', 'Machine Learning', 'CI/CD', 'Agile Methodologies', 'Python']",Manager,"[5, 0, 4, 3, 5, 4, 2, 1, 3, 0, 5, 3, 5, 3, 0, 0, 3, 2, 1, 5]"
S0364,A,Part-time,112000,61,"['SQL', 'Teamwork', 'Agile Methodologies', 'Network Administration', 'Customer Support', 'Python']",Senior,"[3, 1, 2, 5, 0, 3, 3, 0, 3, 0, 1, 3, 5, 2, 5, 2, 0, 5, 3, 2]"
S0365,E,Full-time,141000,64,"['Data Analysis', 'UI/UX Design', 'Marketing Strategy', 'Cloud (AWS/Azure/GCP)', 'SQL', 'Python', 'JavaScript']",Lead,"[2, 4, 1, 4, 3, 4, 2, 1, 1, 2, 2, 4, 2, 1, 1, 2, 2, 5, 1, 0]"
S0366,A,Full-time,119000,48,"['Java', 'Machine Learning', 'JavaScript', 'Teamwork', 'CI/CD']",Senior,"[3, 0, 2, 2, 3, 4, 1, 2, 3, 0, 2, 5, 3, 2, 0, 2, 0, 2, 1, 0]"
S0367,E,Internship,114000,33,"['Problem Solving', 'Sales Experience', 'Teamwork', 'SQL', 'Technical Writing', 'Java', 'C++', 'UI/UX Design', 'Project Management', 'Cloud (AWS/Azure/GCP)']",Senior,"[5, 2, 5, 4, 0, 2, 5, 1, 0, 2, 3, 3, 1, 4, 0, 4, 3, 5, 1, 2]"
S0368,B,Internship,156000,35,"['Customer Support', 'Sales Experience', 'Python', 'Network Administration', 'Data Analysis', 'UI/UX Design', 'Agile Methodologies', 'System Design', 'Technical Writing', 'Leadership']",Lead,"[4, 0, 3, 1, 1, 0, 3, 0, 3, 3, 2, 0, 1, 2, 2, 3, 0, 2, 3, 5]"
S0369,A,Contract,125000,21,"['DevOps', 'Agile Methodologies', 'Customer Support', 'UI/UX Design', 'Cybersecurity', 'Data Analysis', 'C++', 'Machine Learning', 'NoSQL', 'Java']",Senior,"[5, 1, 4, 2, 2, 5, 4, 2, 5, 3, 3, 4, 4, 5, 4, 3, 2, 5, 0, 2]"
S0370,E,Contract,81000,42,"['Cybersecurity', 'Leadership', 'Network Administration', 'Java', 'Data Analysis']",Mid-level,"[5, 1, 3, 3, 4, 4, 0, 2, 5, 0, 1, 0, 0, 2, 0, 4, 5, 2, 2, 0]"
S0371,A,Contract,161000,76,"['Technical Writing', 'Leadership', 'Customer Support', 'Teamwork', 'Machine Learning', 'Data Analysis', 'CI/CD']",Manager,"[2, 4, 0, 4, 3, 2, 4, 5, 1, 2, 4, 2, 2, 3, 5, 5, 4, 0, 0, 3]"
S0372,A,Contract,61000,59,"['DevOps', 'Cloud (AWS/Azure/GCP)', 'NoSQL', 'Teamwork', 'CI/CD', 'Cybersecurity']",Entry-level,"[5, 1, 1, 4, 1, 4, 1, 4, 4, 0, 1, 3, 1, 4, 4, 2, 1, 2, 2, 5]"
S0373,F,Internship,128000,32,"['Leadership', 'Communication', 'System Design', 'Cloud (AWS/Azure/GCP)', 'Marketing Strategy']",Senior,"[2, 0, 2, 4, 1, 2, 5, 3, 1, 3, 2, 0, 5, 5, 1, 3, 1, 2, 1, 4]"
S0374,B,Contract,38000,24,"['Data Analysis', 'Communication', 'Project Management', 'Agile Methodologies', 'Technical Writing', 'Teamwork', 'NoSQL', 'C++', 'DevOps']",Entry-level,"[4, 4, 4, 5, 3, 0, 0, 1, 1, 2, 1, 1, 5, 2, 5, 4, 0, 2, 5, 4]"
S0375,F,Full-time,99000,12,"['Technical Writing', 'Network Administration', 'UI/UX Design', 'Python', 'Project Management', 'JavaScript', 'Customer Support']",Senior,"[0, 5, 0, 1, 3, 1, 1, 1, 3, 3, 4, 0, 3, 4, 5, 0, 5, 4, 0, 4]"
S0376,B,Part-time,94000,55,"['Technical Writing', 'SQL', 'UI/UX Design']",Senior,"[3, 0, 1, 3, 4, 4, 5, 1, 3, 1, 3, 4, 2, 0, 1, 0, 1, 2, 0, 3]"
S0377,E,Internship,97000,19,"['Java', 'Leadership', 'Network Administration', 'Cybersecurity', 'CI/CD', 'Sales Experience']",Senior,"[3, 1, 5, 4, 4, 3, 5, 3, 2, 5, 3, 1, 4, 3, 4, 4, 0, 5, 5, 1]"
S0378,B,Full-time,152000,68,"['Project Management', 'Sales Experience', 'Leadership', 'UI/UX Design', 'Cloud (AWS/Azure/GCP)']",Manager,"[1, 4, 4, 0, 5, 5, 4, 3, 1, 3, 1, 1, 0, 2, 4, 1, 0, 1, 5, 1]"
S0379,F,Part-time,50000,62,"['DevOps', 'Technical Writing', 'Communication', 'Machine Learning', 'Network Administration', 'UI/UX Design', 'System Design', 'Python']",Entry-level,"[2, 4, 2, 5, 5, 0, 2, 3, 1, 3, 3, 5, 4, 0, 0, 4, 0, 1, 0, 4]"
S0380,E,Internship,118000,77,"['Leadership', 'JavaScript', 'System Design', 'CI/CD', 'Java', 'DevOps', 'Data Analysis', 'Python']",Senior,"[1, 5, 1, 1, 5, 0, 4, 5, 3, 3, 2, 1, 4, 4, 5, 5, 4, 1, 2, 4]"
S0381,C,Contract,133000,59,"['NoSQL', 'Python', 'Problem Solving', 'UI/UX Design', 'Cloud (AWS/Azure/GCP)', 'C++']",Lead,"[5, 0, 2, 5, 0, 3, 3, 3, 1, 1, 4, 5, 0, 0, 3, 3, 4, 1, 0, 1]"
S0382,C,Part-time,111000,80,"['Network Administration', 'Customer Support', 'NoSQL', 'Cybersecurity', 'Technical Writing', 'DevOps']",Senior,"[0, 4, 3, 4, 0, 4, 3, 3, 1, 1, 2, 3, 3, 4, 2, 1, 4, 5, 2, 1]"
S0383,E,Part-time,112000,23,"['Network Administration', 'Python', 'System Design', 'Machine Learning', 'Technical Writing', 'Agile Methodologies']",Senior,"[2, 4, 4, 2, 5, 0, 5, 2, 3, 2, 5, 0, 2, 1, 4, 3, 1, 5, 4, 3]"
S0384,D,Internship,139000,33,"['Technical Writing', 'Machine Learning', 'DevOps', 'Project Management', 'C++']",Lead,"[0, 5, 1, 5, 2, 0, 5, 5, 1, 1, 5, 4, 5, 0, 2, 1, 5, 0, 4, 4]"
S0385,A,Contract,139000,21,"['Problem Solving', 'Network Administration', 'CI/CD', 'Cloud (AWS/Azure/GCP)', 'Leadership', 'Cybersecurity']",Lead,"[2, 2, 4, 4, 3, 4, 3, 0, 0, 0, 1, 0, 4, 4, 3, 1, 5, 2, 3, 0]"
S0386,A,Internship,104000,32,"['UI/UX Design', 'SQL', 'Cloud (AWS/Azure/GCP)', 'DevOps', 'Python', 'JavaScript', 'Teamwork']",Senior,"[2, 3, 0, 4, 2, 2, 1, 3, 5, 3, 4, 0, 2, 1, 4, 3, 5, 2, 0, 0]"
S0387,A,Part-time,116000,55,"['Java', 'JavaScript', 'DevOps', 'CI/CD', 'Communication', 'C++', 'System Design', 'Problem Solving', 'NoSQL']",Lead,"[1, 0, 0, 3, 3, 4, 5, 1, 4, 3, 4, 0, 0, 0, 5, 1, 0, 4, 2, 1]"
S0388,E,Internship,45000,76,"['Sales Experience', 'NoSQL', 'Data Analysis', 'Agile Methodologies', 'UI/UX Design', 'CI/CD', 'Network Administration']",Entry-level,"[1, 2, 1, 5, 2, 3, 0, 2, 1, 4, 5, 4, 3, 2, 1, 1, 1, 1, 4, 2]"
S0389,D,Contract,65000,16,"['UI/UX Design', 'Agile Methodologies', 'Communication']",Mid-level,"[3, 5, 1, 5, 2, 5, 4, 0, 3, 2, 0, 4, 3, 1, 1, 3, 3, 5, 5, 2]"
S0390,D,Part-time,68000,34,"['Network Administration', 'Sales Experience', 'NoSQL', 'Agile Methodologies', 'Problem Solving', 'Teamwork', 'System Design', 'Java', 'Project Management', 'Cloud (AWS/Azure/GCP)']",Mid-level,"[0, 0, 5, 1, 4, 3, 4, 2, 1, 4, 0, 5, 3, 0, 5, 0, 3, 0, 5, 1]"
S0391,D,Internship,50000,13,"['UI/UX Design', 'SQL', 'Python', 'Communication', 'Marketing Strategy', 'Data Analysis', 'DevOps']",Entry-level,"[2, 2, 4, 1, 1, 2, 3, 2, 4, 0, 5, 0, 5, 1, 2, 0, 0, 4, 0, 0]"
S0392,F,Contract,45000,29,"['Cloud (AWS/Azure/GCP)', 'JavaScript', 'Technical Writing', 'UI/UX Design']",Entry-level,"[0, 2, 3, 2, 1, 2, 5, 3, 1, 2, 4, 3, 5, 3, 3, 3, 4, 2, 4, 0]"
S0393,C,Internship,40000,29,"['SQL', 'Data Analysis', 'Cloud (AWS/Azure/GCP)', 'Sales Experience', 'CI/CD', 'DevOps', 'Cybersecurity', 'System Design', 'Machine Learning']",Entry-level,"[2, 1, 5, 2, 2, 4, 0, 3, 1, 0, 1, 2, 4, 3, 1, 4, 2, 0, 1, 2]"
S0394,F,Contract,89000,80,"['Leadership', 'Data Analysis', 'Communication', 'Python', 'SQL', 'JavaScript', 'Project Management']",Senior,"[3, 4, 1, 4, 2, 2, 2, 4, 2, 4, 2, 1, 0, 4, 2, 5, 1, 5, 2, 0]"
S0395,A,Full-time,56000,71,"['System Design', 'Cloud (AWS/Azure/GCP)', 'DevOps', 'Project Management']",Mid-level,"[2, 1, 3, 5, 0, 1, 5, 2, 4, 4, 5, 4, 2, 4, 1, 2, 5, 4, 3, 0]"
S0396,A,Full-time,86000,64,"['Sales Experience', 'Problem Solving', 'Cloud (AWS/Azure/GCP)', 'Data Analysis', 'Project Management', 'Communication', 'JavaScript', 'DevOps']",Senior,"[1, 4, 5, 3, 5, 3, 4, 2, 3, 5, 2, 0, 0, 0, 4, 0, 1, 1, 0, 4]"
S0397,B,Full-time,113000,12,"['Teamwork', 'CI/CD', 'Customer Support', 'Data Analysis', 'Machine Learning', 'Java']",Senior,"[3, 3, 4, 2, 5, 5, 2, 2, 2, 1, 4, 4, 4, 4, 3, 1, 1, 3, 2, 2]"
S0398,A,Part-time,166000,59,"['Java', 'NoSQL', 'UI/UX Design', 'Problem Solving', 'Machine Learning', 'Customer Support', 'SQL', 'JavaScript', 'Leadership', 'Communication']",Manager,"[3, 5, 2, 0, 3, 3, 0, 3, 3, 5, 2, 1, 2, 5, 1, 1, 2, 0, 0, 1]"
S0399,B,Contract,123000,46,"['Cybersecurity', 'System Design', 'Project Management', 'Technical Writing']",Senior,"[4, 4, 5, 0, 0, 5, 0, 3, 0, 4, 0, 2, 5, 3, 0, 0, 0, 0, 0, 1]"
S0400,D,Part-time,154000,34,"['Technical Writing', 'Network Administration', 'Marketing Strategy']",Lead,"[4, 4, 1, 1, 4, 4, 1, 2, 2, 3, 2, 5, 1, 5, 1, 5, 0, 4, 0, 5]"
